n;alpha;z1;z2;hMaxFactor;seqTime;parTime;speedup;meanError;maxError
16;1;4;4;40.00177598;0.0192349;0.0923311;1.12792e-15;2.66454e-15
16;1;4;4;80.00208712;0.02226;0.093761;1.12792e-15;2.66454e-15
16;1;4;4;160.00209212;0.0220759;0.0947696;1.12792e-15;2.66454e-15
16;1;4;8;40.00211406;0.0204489;0.103382;1.12792e-15;2.66454e-15
16;1;4;8;80.0021069;0.019527;0.107897;1.12792e-15;2.66454e-15
16;1;4;8;160.00210905;0.0194302;0.108545;1.12792e-15;2.66454e-15
16;1;4;16;40.00211096;0.0230289;0.0916658;1.12792e-15;2.66454e-15
16;1;4;16;80.00209904;0.0196569;0.106784;1.12792e-15;2.66454e-15
16;1;4;16;160.00209999;0.0189459;0.110841;1.12792e-15;2.66454e-15
16;1;4;32;40.00211596;0.01916;0.110436;1.12792e-15;2.66454e-15
16;1;4;32;80.00213909;0.01931;0.110776;1.12792e-15;2.66454e-15
16;1;4;32;160.00211096;0.022728;0.0928793;1.12792e-15;2.66454e-15
16;1;8;4;40.00212693;0.020088;0.105881;1.12792e-15;2.66454e-15
16;1;8;4;80.002105;0.0190051;0.11076;1.12792e-15;2.66454e-15
16;1;8;4;160.00211096;0.0198522;0.106334;1.12792e-15;2.66454e-15
16;1;8;8;40.00212288;0.0230551;0.0920786;1.12792e-15;2.66454e-15
16;1;8;8;80.00211501;0.0196471;0.10765;1.12792e-15;2.66454e-15
16;1;8;8;160.00212002;0.0197349;0.107425;1.12792e-15;2.66454e-15
16;1;8;16;40.00211215;0.019731;0.107047;1.12792e-15;2.66454e-15
16;1;8;16;80.00211596;0.0196979;0.107421;1.12792e-15;2.66454e-15
16;1;8;16;160.00211811;0.0206139;0.102752;1.12792e-15;2.66454e-15
16;1;8;32;40.00212002;0.0199151;0.106453;1.12792e-15;2.66454e-15
16;1;8;32;80.00212097;0.0195811;0.108317;1.12792e-15;2.66454e-15
16;1;8;32;160.00212789;0.0194371;0.109476;1.12792e-15;2.66454e-15
16;1;16;4;40.00214601;0.0235419;0.0911568;1.12792e-15;2.66454e-15
16;1;16;4;80.00212097;0.019767;0.107298;1.12792e-15;2.66454e-15
16;1;16;4;160.00212717;0.0195329;0.108902;1.12792e-15;2.66454e-15
16;1;16;8;40.00214005;0.0219231;0.0976161;1.12792e-15;2.66454e-15
16;1;16;8;80.00213385;0.02262;0.0943347;1.12792e-15;2.66454e-15
16;1;16;8;160.002141;0.0193388;0.11071;1.12792e-15;2.66454e-15
16;1;16;16;40.00213599;0.020365;0.104885;1.12792e-15;2.66454e-15
16;1;16;16;80.00213218;0.0195498;0.109064;1.12792e-15;2.66454e-15
16;1;16;16;160.00213695;0.019295;0.110751;1.12792e-15;2.66454e-15
16;1;16;32;40.002141;0.0226429;0.0945552;1.12792e-15;2.66454e-15
16;1;16;32;80.00214314;0.0203869;0.105123;1.12792e-15;2.66454e-15
16;1;16;32;160.00214195;0.0203462;0.105275;1.12792e-15;2.66454e-15
16;1;32;4;40.00218296;0.020503;0.10647;1.12792e-15;2.66454e-15
16;1;32;4;80.00216007;0.0230951;0.0935293;1.12792e-15;2.66454e-15
16;1;32;4;160.00216484;0.0195999;0.110452;1.12792e-15;2.66454e-15
16;1;32;8;40.0021739;0.0203409;0.106873;1.12792e-15;2.66454e-15
16;1;32;8;80.0021708;0.0206199;0.105277;1.12792e-15;2.66454e-15
16;1;32;8;160.00217795;0.0233521;0.0932657;1.12792e-15;2.66454e-15
16;1;32;16;40.00217295;0.021271;0.102155;1.12792e-15;2.66454e-15
16;1;32;16;80.00217104;0.0203509;0.10668;1.12792e-15;2.66454e-15
16;1;32;16;160.00217509;0.020442;0.106403;1.12792e-15;2.66454e-15
16;1;32;32;40.00217986;0.0208681;0.104459;1.12792e-15;2.66454e-15
16;1;32;32;80.00217795;0.0238681;0.0912496;1.12792e-15;2.66454e-15
16;1;32;32;160.00218296;0.020232;0.107897;1.12792e-15;2.66454e-15
16;2;4;4;40.00213504;0.0206051;0.103617;1.12792e-15;2.66454e-15
16;2;4;4;80.00211692;0.022594;0.0936939;1.12792e-15;2.66454e-15
16;2;4;4;160.00214887;0.0219529;0.0978855;1.12792e-15;2.66454e-15
16;2;4;8;40.00213408;0.019743;0.108093;1.12792e-15;2.66454e-15
16;2;4;8;80.00213599;0.019536;0.109336;1.12792e-15;2.66454e-15
16;2;4;8;160.00216293;0.0204289;0.105876;1.12792e-15;2.66454e-15
16;2;4;16;40.00213194;0.0229309;0.0929725;1.12792e-15;2.66454e-15
16;2;4;16;80.00214005;0.0197029;0.108616;1.12792e-15;2.66454e-15
16;2;4;16;160.00215888;0.0199461;0.108236;1.12792e-15;2.66454e-15
16;2;4;32;40.00214911;0.0205281;0.104691;1.12792e-15;2.66454e-15
16;2;4;32;80.00216198;0.02035;0.10624;1.12792e-15;2.66454e-15
16;2;4;32;160.00218415;0.0233419;0.0935722;1.12792e-15;2.66454e-15
16;2;8;4;40.00214887;0.0204411;0.105125;1.12792e-15;2.66454e-15
16;2;8;4;80.00213408;0.019592;0.108926;1.12792e-15;2.66454e-15
16;2;8;4;160.002141;0.0193059;0.110898;1.12792e-15;2.66454e-15
16;2;8;8;40.00214601;0.0228541;0.0939003;1.12792e-15;2.66454e-15
16;2;8;8;80.00214195;0.0203302;0.105358;1.12792e-15;2.66454e-15
16;2;8;8;160.00215888;0.0194521;0.110984;1.12792e-15;2.66454e-15
16;2;8;16;40.0021472;0.020524;0.104619;1.12792e-15;2.66454e-15
16;2;8;16;80.00214601;0.0230899;0.0929414;1.12792e-15;2.66454e-15
16;2;8;16;160.00216699;0.0198669;0.109075;1.12792e-15;2.66454e-15
16;2;8;32;40.00217414;0.0201859;0.107706;1.12792e-15;2.66454e-15
16;2;8;32;80.00216913;0.0210259;0.103165;1.12792e-15;2.66454e-15
16;2;8;32;160.00219202;0.021033;0.104218;1.12792e-15;2.66454e-15
16;2;16;4;40.00216889;0.023181;0.0935636;1.12792e-15;2.66454e-15
16;2;16;4;80.00215507;0.0192361;0.112032;1.12792e-15;2.66454e-15
16;2;16;4;160.00219107;0.0198419;0.110426;1.12792e-15;2.66454e-15
16;2;16;8;40.00216794;0.020458;0.10597;1.12792e-15;2.66454e-15
16;2;16;8;80.00217199;0.0231419;0.0938556;1.12792e-15;2.66454e-15
16;2;16;8;160.00218987;0.0208111;0.105226;1.12792e-15;2.66454e-15
16;2;16;16;40.00217295;0.0208659;0.104139;1.12792e-15;2.66454e-15
16;2;16;16;80.00217891;0.022145;0.0983926;1.12792e-15;2.66454e-15
16;2;16;16;160.00219917;0.023777;0.0924916;1.12792e-15;2.66454e-15
16;2;16;32;40.00219917;0.021383;0.102847;1.12792e-15;2.66454e-15
16;2;16;32;80.00219202;0.0212419;0.103193;1.12792e-15;2.66454e-15
16;2;16;32;160.00222397;0.0212011;0.104899;1.12792e-15;2.66454e-15
16;2;32;4;40.00221109;0.024406;0.0905965;1.12792e-15;2.66454e-15
16;2;32;4;80.00220394;0.0217941;0.101126;1.12792e-15;2.66454e-15
16;2;32;4;160.00222898;0.0207601;0.107368;1.12792e-15;2.66454e-15
16;2;32;8;40.00221205;0.02144;0.103174;1.12792e-15;2.66454e-15
16;2;32;8;80.00223517;0.024277;0.0920697;1.12792e-15;2.66454e-15
16;2;32;8;160.00224304;0.0212979;0.105317;1.12792e-15;2.66454e-15
16;2;32;16;40.00222898;0.0212259;0.105012;1.12792e-15;2.66454e-15
16;2;32;16;80.00223899;0.021719;0.103089;1.12792e-15;2.66454e-15
16;2;32;16;160.00225306;0.0225151;0.100069;1.12792e-15;2.66454e-15
16;2;32;32;40.00222611;0.024246;0.0918138;1.12792e-15;2.66454e-15
16;2;32;32;80.002244;0.0222471;0.100867;1.12792e-15;2.66454e-15
16;2;32;32;160.00227404;0.0222111;0.102383;1.12792e-15;2.66454e-15
32;1;4;4;40.00824499;0.029675;0.277843;6.72883e-06;1.56543e-05
32;1;4;4;80.00808311;0.023715;0.340843;7.47444e-06;1.7389e-05
32;1;4;4;160.00809097;0.0247309;0.32716;5.62279e-06;1.30812e-05
32;1;4;8;40.00826001;0.0296478;0.278604;6.0218e-06;1.40095e-05
32;1;4;8;80.00813103;0.0241351;0.336896;6.35882e-06;1.47935e-05
32;1;4;8;160.0081172;0.0248539;0.326596;6.18469e-06;1.43884e-05
32;1;4;16;40.00833488;0.03038;0.274354;4.88752e-06;1.13706e-05
32;1;4;16;80.00820208;0.0251811;0.325724;4.96797e-06;1.15578e-05
32;1;4;16;160.00819898;0.0243599;0.336576;4.96644e-06;1.15542e-05
32;1;4;32;40.00846696;0.0299761;0.282457;3.41254e-06;7.93912e-06
32;1;4;32;80.00838208;0.0249212;0.336344;3.4179e-06;7.9516e-06
32;1;4;32;160.00837803;0.0256002;0.327264;3.4179e-06;7.9516e-06
32;1;8;4;40.00826311;0.0291722;0.283253;6.72883e-06;1.56543e-05
32;1;8;4;80.00812387;0.02442;0.332673;7.47444e-06;1.7389e-05
32;1;8;4;160.00813007;0.0238051;0.341526;5.62279e-06;1.30812e-05
32;1;8;8;40.00829887;0.0283868;0.292349;6.0218e-06;1.40095e-05
32;1;8;8;80.00817204;0.024811;0.329371;6.35882e-06;1.47935e-05
32;1;8;8;160.00817609;0.0238891;0.342252;6.18469e-06;1.43884e-05
32;1;8;16;40.00840497;0.027324;0.307604;4.88752e-06;1.13706e-05
32;1;8;16;80.00823903;0.024796;0.332272;4.96797e-06;1.15578e-05
32;1;8;16;160.00825095;0.0240529;0.343034;4.96644e-06;1.15542e-05
32;1;8;32;40.00850201;0.027112;0.313588;3.41254e-06;7.93912e-06
32;1;8;32;80.00840902;0.0251989;0.333705;3.4179e-06;7.9516e-06
32;1;8;32;160.00840497;0.0292468;0.287381;3.4179e-06;7.9516e-06
32;1;16;4;40.00832486;0.026325;0.316234;6.72883e-06;1.56543e-05
32;1;16;4;80.00821781;0.0235889;0.348376;7.47444e-06;1.7389e-05
32;1;16;4;160.00819612;0.027209;0.301228;5.62279e-06;1.30812e-05
32;1;16;8;40.00837708;0.0262902;0.318639;6.0218e-06;1.40095e-05
32;1;16;8;80.008255;0.0251679;0.327997;6.35882e-06;1.47935e-05
32;1;16;8;160.00825191;0.0269849;0.305797;6.18469e-06;1.43884e-05
32;1;16;16;40.00845218;0.0271599;0.3112;4.88752e-06;1.13706e-05
32;1;16;16;80.00833297;0.0246072;0.33864;4.96797e-06;1.15578e-05
32;1;16;16;160.00833321;0.0281761;0.295755;4.96644e-06;1.15542e-05
32;1;16;32;40.00859213;0.0269091;0.319302;3.41254e-06;7.93912e-06
32;1;16;32;80.00848699;0.024936;0.340351;3.4179e-06;7.9516e-06
32;1;16;32;160.00848198;0.0292761;0.289723;3.4179e-06;7.9516e-06
32;1;32;4;40.00847316;0.0270619;0.313102;6.72883e-06;1.56543e-05
32;1;32;4;80.00837898;0.0260348;0.321837;7.47444e-06;1.7389e-05
32;1;32;4;160.00837803;0.027493;0.304733;5.62279e-06;1.30812e-05
32;1;32;8;40.00853205;0.0278609;0.306238;6.0218e-06;1.40095e-05
32;1;32;8;80.00864315;0.0258219;0.334721;6.35882e-06;1.47935e-05
32;1;32;8;160.00840402;0.0250502;0.335487;6.18469e-06;1.43884e-05
32;1;32;16;40.0086;0.0275838;0.311777;4.88752e-06;1.13706e-05
32;1;32;16;80.00848389;0.028264;0.300165;4.96797e-06;1.15578e-05
32;1;32;16;160.00848889;0.025136;0.337719;4.96644e-06;1.15542e-05
32;1;32;32;40.00874686;0.0292718;0.298815;3.41254e-06;7.93912e-06
32;1;32;32;80.00866604;0.0298481;0.290338;3.4179e-06;7.9516e-06
32;1;32;32;160.0086441;0.0270221;0.31989;3.4179e-06;7.9516e-06
32;2;4;4;40.00836706;0.02842;0.294408;6.72883e-06;1.56543e-05
32;2;4;4;80.00816607;0.028384;0.2877;7.47444e-06;1.7389e-05
32;2;4;4;160.00817609;0.0248291;0.329294;5.62279e-06;1.30812e-05
32;2;4;8;40.00844312;0.0292671;0.288485;6.0218e-06;1.40095e-05
32;2;4;8;80.00823593;0.0269699;0.305375;6.35882e-06;1.47935e-05
32;2;4;8;160.00823402;0.026124;0.31519;6.18469e-06;1.43884e-05
32;2;4;16;40.00850201;0.0328882;0.258513;4.88752e-06;1.13706e-05
32;2;4;16;80.00834489;0.0273831;0.304746;4.96797e-06;1.15578e-05
32;2;4;16;160.0083499;0.0283809;0.294209;4.96644e-06;1.15542e-05
32;2;4;32;40.0087409;0.033988;0.257176;3.41254e-06;7.93912e-06
32;2;4;32;80.00854802;0.028996;0.2948;3.4179e-06;7.9516e-06
32;2;4;32;160.00857997;0.0295351;0.290501;3.4179e-06;7.9516e-06
32;2;8;4;40.00846195;0.0287721;0.294103;6.72883e-06;1.56543e-05
32;2;8;4;80.00820708;0.0263281;0.311723;7.47444e-06;1.7389e-05
32;2;8;4;160.00823212;0.028707;0.286763;5.62279e-06;1.30812e-05
32;2;8;8;40.008461;0.0301032;0.281066;6.0218e-06;1.40095e-05
32;2;8;8;80.00829005;0.027226;0.304491;6.35882e-06;1.47935e-05
32;2;8;8;160.00829387;0.0286169;0.289824;6.18469e-06;1.43884e-05
32;2;8;16;40.00854707;0.030081;0.284135;4.88752e-06;1.13706e-05
32;2;8;16;80.00837493;0.026825;0.312207;4.96797e-06;1.15578e-05
32;2;8;16;160.00841188;0.0294371;0.285758;4.96644e-06;1.15542e-05
32;2;8;32;40.00874901;0.0310099;0.282136;3.41254e-06;7.93912e-06
32;2;8;32;80.00859714;0.0317972;0.270374;3.4179e-06;7.9516e-06
32;2;8;32;160.00863814;0.0296521;0.291316;3.4179e-06;7.9516e-06
32;2;16;4;40.00851703;0.031008;0.274672;6.72883e-06;1.56543e-05
32;2;16;4;80.00838709;0.0301521;0.27816;7.47444e-06;1.7389e-05
32;2;16;4;160.00835085;0.0273299;0.305557;5.62279e-06;1.30812e-05
32;2;16;8;40.008569;0.030103;0.284656;6.0218e-06;1.40095e-05
32;2;16;8;80.008389;0.0272169;0.308227;6.35882e-06;1.47935e-05
32;2;16;8;160.0083921;0.027482;0.305367;6.18469e-06;1.43884e-05
32;2;16;16;40.008641;0.033191;0.260342;4.88752e-06;1.13706e-05
32;2;16;16;80.00850677;0.0285459;0.298004;4.96797e-06;1.15578e-05
32;2;16;16;160.00849986;0.0280108;0.303449;4.96644e-06;1.15542e-05
32;2;16;32;40.00882292;0.0344748;0.255923;3.41254e-06;7.93912e-06
32;2;16;32;80.00871801;0.030057;0.29005;3.4179e-06;7.9516e-06
32;2;16;32;160.00876904;0.033602;0.260968;3.4179e-06;7.9516e-06
32;2;32;4;40.00870585;0.030633;0.284199;6.72883e-06;1.56543e-05
32;2;32;4;80.00854492;0.028827;0.296421;7.47444e-06;1.7389e-05
32;2;32;4;160.00862002;0.031795;0.271112;5.62279e-06;1.30812e-05
32;2;32;8;40.00875998;0.0328069;0.267016;6.0218e-06;1.40095e-05
32;2;32;8;80.00859904;0.0319302;0.269307;6.35882e-06;1.47935e-05
32;2;32;8;160.00863719;0.029906;0.288811;6.18469e-06;1.43884e-05
32;2;32;16;40.0088191;0.0318091;0.277251;4.88752e-06;1.13706e-05
32;2;32;16;80.00872087;0.03159;0.276065;4.96797e-06;1.15578e-05
32;2;32;16;160.00875616;0.0302851;0.289124;4.96644e-06;1.15542e-05
32;2;32;32;40.00900412;0.0363421;0.24776;3.41254e-06;7.93912e-06
32;2;32;32;80.00892997;0.0308571;0.289398;3.4179e-06;7.9516e-06
32;2;32;32;160.00897002;0.033119;0.270842;3.4179e-06;7.9516e-06
64;1;4;4;40.033941;0.049932;0.679745;0.00388666;0.0093179
64;1;4;4;80.0321112;0.0336502;0.954265;0.00685597;0.0164436
64;1;4;4;160.0316341;0.0348799;0.906943;0.00715104;0.0171658
64;1;4;8;40.0336921;0.0508151;0.663034;0.00376646;0.00902813
64;1;4;8;80.0320151;0.0342121;0.935782;0.00623008;0.0149342
64;1;4;8;160.032042;0.0350358;0.91455;0.00633456;0.0151869
64;1;4;16;40.0339451;0.0540972;0.627483;0.00353689;0.00847519
64;1;4;16;80.032517;0.034246;0.949512;0.00522759;0.0125225
64;1;4;16;160.032274;0.032984;0.978474;0.00524705;0.0125691
64;1;4;32;40.034775;0.0545599;0.637373;0.00312773;0.00749098
64;1;4;32;80.0337539;0.0381179;0.885513;0.00392959;0.00940792
64;1;4;32;160.0328639;0.0346439;0.948619;0.00393076;0.00941071
64;1;8;4;40.033849;0.050447;0.670982;0.00388666;0.0093179
64;1;8;4;80.0321121;0.0363011;0.884604;0.00685597;0.0164436
64;1;8;4;160.0317562;0.0317509;1.00017;0.00715104;0.0171658
64;1;8;8;40.033973;0.0510631;0.665314;0.00376646;0.00902813
64;1;8;8;80.032249;0.033886;0.951691;0.00623008;0.0149342
64;1;8;8;160.0319571;0.0349231;0.915073;0.00633456;0.0151869
64;1;8;16;40.035006;0.054131;0.646691;0.00353689;0.00847519
64;1;8;16;80.032403;0.0354331;0.914485;0.00522759;0.0125225
64;1;8;16;160.032517;0.032517;1;0.00524705;0.0125691
64;1;8;32;40.034626;0.055094;0.62849;0.00312773;0.00749098
64;1;8;32;80.0332098;0.035336;0.939829;0.00392959;0.00940792
64;1;8;32;160.0331709;0.0341499;0.971334;0.00393076;0.00941071
64;1;16;4;40.0338819;0.0537691;0.630137;0.00388666;0.0093179
64;1;16;4;80.032479;0.0367031;0.884913;0.00685597;0.0164436
64;1;16;4;160.032109;0.0325069;0.987759;0.00715104;0.0171658
64;1;16;8;40.0342069;0.0509269;0.671685;0.00376646;0.00902813
64;1;16;8;80.032768;0.034215;0.95771;0.00623008;0.0149342
64;1;16;8;160.032243;0.035382;0.911282;0.00633456;0.0151869
64;1;16;16;40.034405;0.051338;0.670167;0.00353689;0.00847519
64;1;16;16;80.032769;0.0347252;0.943666;0.00522759;0.0125225
64;1;16;16;160.032769;0.0366511;0.894078;0.00524705;0.0125691
64;1;16;32;40.0351379;0.0549419;0.639546;0.00312773;0.00749098
64;1;16;32;80.0334141;0.0358319;0.932524;0.00392959;0.00940792
64;1;16;32;160.033438;0.0346191;0.965882;0.00393076;0.00941071
64;1;32;4;40.034807;0.05441;0.639717;0.00388666;0.0093179
64;1;32;4;80.0329511;0.0381501;0.863724;0.00685597;0.0164436
64;1;32;4;160.0328748;0.0337708;0.973469;0.00715104;0.0171658
64;1;32;8;40.0348148;0.051954;0.670108;0.00376646;0.00902813
64;1;32;8;80.0332849;0.0351949;0.945732;0.00623008;0.0149342
64;1;32;8;160.0331721;0.03739;0.887193;0.00633456;0.0151869
64;1;32;16;40.0348361;0.052202;0.667332;0.00353689;0.00847519
64;1;32;16;80.03355;0.035758;0.938252;0.00522759;0.0125225
64;1;32;16;160.033318;0.0435112;0.765736;0.00524705;0.0125691
64;1;32;32;40.036417;0.055912;0.651327;0.00312773;0.00749098
64;1;32;32;80.0341971;0.039916;0.856726;0.00392959;0.00940792
64;1;32;32;160.0340409;0.038312;0.88852;0.00393076;0.00941071
64;2;4;4;40.0392549;0.068985;0.569035;0.00388666;0.0093179
64;2;4;4;80.0353489;0.0428929;0.824119;0.00685597;0.0164436
64;2;4;4;160.0348561;0.0362692;0.961038;0.00715104;0.0171658
64;2;4;8;40.035562;0.073616;0.483075;0.00376646;0.00902813
64;2;4;8;80.032588;0.0468581;0.695462;0.00623008;0.0149342
64;2;4;8;160.0321202;0.037662;0.852854;0.00633456;0.0151869
64;2;4;16;40.0381529;0.0725658;0.52577;0.00353689;0.00847519
64;2;4;16;80.0331068;0.044687;0.740859;0.00522759;0.0125225
64;2;4;16;160.0338922;0.0380061;0.891756;0.00524705;0.0125691
64;2;4;32;40.0363801;0.07267;0.50062;0.00312773;0.00749098
64;2;4;32;80.035717;0.047354;0.754256;0.00392959;0.00940792
64;2;4;32;160.033515;0.0445559;0.752201;0.00393076;0.00941071
64;2;8;4;40.035372;0.071068;0.49772;0.00388666;0.0093179
64;2;8;4;80.0326841;0.0470371;0.694857;0.00685597;0.0164436
64;2;8;4;160.0327699;0.0362771;0.903324;0.00715104;0.0171658
64;2;8;8;40.0382769;0.0683682;0.559864;0.00376646;0.00902813
64;2;8;8;80.0356071;0.0443499;0.802867;0.00623008;0.0149342
64;2;8;8;160.0355959;0.037437;0.950822;0.00633456;0.0151869
64;2;8;16;40.0359478;0.071631;0.501847;0.00353689;0.00847519
64;2;8;16;80.033313;0.0495238;0.672667;0.00522759;0.0125225
64;2;8;16;160.033004;0.046572;0.708668;0.00524705;0.0125691
64;2;8;32;40.037158;0.07356;0.505139;0.00312773;0.00749098
64;2;8;32;80.0340209;0.0519838;0.654452;0.00392959;0.00940792
64;2;8;32;160.033812;0.04267;0.792408;0.00393076;0.00941071
64;2;16;4;40.0383568;0.0687089;0.558251;0.00388666;0.0093179
64;2;16;4;80.0356991;0.0449312;0.794529;0.00685597;0.0164436
64;2;16;4;160.0355141;0.0380239;0.933993;0.00715104;0.0171658
64;2;16;8;40.035758;0.0727;0.491857;0.00376646;0.00902813
64;2;16;8;80.0332301;0.054224;0.612829;0.00623008;0.0149342
64;2;16;8;160.033782;0.0419419;0.805448;0.00633456;0.0151869
64;2;16;16;40.036159;0.0721831;0.500935;0.00353689;0.00847519
64;2;16;16;80.033565;0.04971;0.675217;0.00522759;0.0125225
64;2;16;16;160.0333221;0.0404172;0.824453;0.00524705;0.0125691
64;2;16;32;40.0368462;0.070447;0.523034;0.00312773;0.00749098
64;2;16;32;80.034436;0.0490038;0.70272;0.00392959;0.00940792
64;2;16;32;160.034261;0.0442991;0.773401;0.00393076;0.00941071
64;2;32;4;40.0364032;0.07235;0.503154;0.00388666;0.0093179
64;2;32;4;80.033885;0.047565;0.712394;0.00685597;0.0164436
64;2;32;4;160.0336339;0.044723;0.75205;0.00715104;0.0171658
64;2;32;8;40.037133;0.07285;0.509718;0.00376646;0.00902813
64;2;32;8;80.03388;0.0509121;0.66546;0.00623008;0.0149342
64;2;32;8;160.0339231;0.045434;0.746647;0.00633456;0.0151869
64;2;32;16;40.0368819;0.0738001;0.499754;0.00353689;0.00847519
64;2;32;16;80.034302;0.0489218;0.701159;0.00522759;0.0125225
64;2;32;16;160.034112;0.0442629;0.770668;0.00524705;0.0125691
64;2;32;32;40.0379682;0.071449;0.531402;0.00312773;0.00749098
64;2;32;32;80.035264;0.052038;0.67766;0.00392959;0.00940792
64;2;32;32;160.0351272;0.048413;0.725572;0.00393076;0.00941071
128;1;4;4;40.133925;0.0839138;1.59598;0.012874;0.036034
128;1;4;4;80.128113;0.0776019;1.6509;0.0270423;0.0773762
128;1;4;4;160.126393;0.061168;2.06633;0.0440275;0.130973
128;1;4;8;40.134205;0.0807791;1.66138;0.0127609;0.035637
128;1;4;8;80.128544;0.0784631;1.63827;0.02624;0.0743941
128;1;4;8;160.127066;0.063318;2.00679;0.0401576;0.115305
128;1;4;16;40.135553;0.0810301;1.67287;0.0125357;0.0348493
128;1;4;16;80.130147;0.0836442;1.55596;0.0247213;0.0689005
128;1;4;16;160.128273;0.066601;1.92599;0.0341096;0.0937407
128;1;4;32;40.138074;0.084609;1.63191;0.0120987;0.0333514
128;1;4;32;80.13239;0.085921;1.54083;0.0220701;0.0598737
128;1;4;32;160.131189;0.0684519;1.91652;0.0264333;0.0702954
128;1;8;4;40.134272;0.0845718;1.58767;0.0128743;0.0360346
128;1;8;4;80.128629;0.0837841;1.53524;0.0270423;0.0773762
128;1;8;4;160.127253;0.0624688;2.03706;0.0440275;0.130973
128;1;8;8;40.13488;0.080456;1.67644;0.0127612;0.0356376
128;1;8;8;80.129175;0.0791771;1.63147;0.02624;0.0743941
128;1;8;8;160.127891;0.0678442;1.88507;0.0401576;0.115305
128;1;8;16;40.136773;0.0877571;1.55854;0.012536;0.0348499
128;1;8;16;80.130522;0.0876999;1.48828;0.0247213;0.0689005
128;1;8;16;160.129246;0.067457;1.91598;0.0341096;0.0937407
128;1;8;32;40.13836;0.0857489;1.61355;0.012099;0.033352
128;1;8;32;80.132896;0.252275;0.526791;0.0220701;0.0598737
128;1;8;32;160.1345;0.0702839;1.91367;0.0264333;0.0702954
128;1;16;4;40.135345;0.0855751;1.58159;0.0128748;0.0360358
128;1;16;4;80.130267;0.169281;0.769531;0.0270423;0.0773762
128;1;16;4;160.128932;0.0672581;1.91697;0.0440275;0.130973
128;1;16;8;40.136482;0.0817111;1.6703;0.0127617;0.0356388
128;1;16;8;80.130521;0.0819511;1.59267;0.02624;0.0743941
128;1;16;8;160.128741;0.0640581;2.00976;0.0401576;0.115305
128;1;16;16;40.137773;0.0869379;1.58473;0.0125365;0.034851
128;1;16;16;80.131734;0.08548;1.54111;0.0247213;0.0689005
128;1;16;16;160.130033;0.073488;1.76945;0.0341096;0.0937407
128;1;16;32;40.140506;0.086729;1.62006;0.0120995;0.0333531
128;1;16;32;80.134432;0.089494;1.50214;0.0220701;0.0598737
128;1;16;32;160.132998;0.0706191;1.88331;0.0264333;0.0702954
128;1;32;4;40.138494;0.087307;1.58629;0.012876;0.0360382
128;1;32;4;80.132414;0.085885;1.54176;0.0270423;0.0773762
128;1;32;4;160.130676;0.0699022;1.86941;0.0440275;0.130973
128;1;32;8;40.138536;0.086457;1.60237;0.0127629;0.0356412
128;1;32;8;80.133305;0.0860779;1.54866;0.02624;0.0743941
128;1;32;8;160.132564;0.0672081;1.97244;0.0401576;0.115305
128;1;32;16;40.139772;0.0910192;1.53563;0.0125376;0.0348534
128;1;32;16;80.134275;0.092746;1.44777;0.0247213;0.0689005
128;1;32;16;160.13314;0.070353;1.89246;0.0341096;0.0937407
128;1;32;32;40.142275;0.0885921;1.60596;0.0121005;0.0333554
128;1;32;32;80.136791;0.0901711;1.51702;0.0220701;0.0598737
128;1;32;32;160.135426;0.072021;1.88037;0.0264333;0.0702954
128;2;4;4;40.141203;0.107401;1.31473;0.0129013;0.0360922
128;2;4;4;80.133841;0.141421;0.946401;0.0270423;0.0773762
128;2;4;4;160.127652;0.0870969;1.46563;0.0440275;0.130973
128;2;4;8;40.142224;0.137196;1.03665;0.0127879;0.0356945
128;2;4;8;80.135505;0.142445;0.951279;0.02624;0.0743941
128;2;4;8;160.128492;0.087538;1.46784;0.0401576;0.115305
128;2;4;16;40.143298;0.10864;1.31902;0.012562;0.0349055
128;2;4;16;80.135792;0.144619;0.938964;0.0247213;0.0689005
128;2;4;16;160.130482;0.0914249;1.4272;0.0341096;0.0937407
128;2;4;32;40.146561;0.110413;1.32739;0.0121238;0.0334058
128;2;4;32;80.139295;0.240144;0.580048;0.0220701;0.0598737
128;2;4;32;160.135171;0.097826;1.38175;0.0264333;0.0702954
128;2;8;4;40.141925;0.113994;1.24502;0.0129012;0.0360922
128;2;8;4;80.13391;0.142149;0.942039;0.0270423;0.0773762
128;2;8;4;160.128344;0.0884681;1.45074;0.0440275;0.130973
128;2;8;8;40.142637;0.115548;1.23444;0.0127879;0.0356945
128;2;8;8;80.134906;0.178847;0.75431;0.02624;0.0743941
128;2;8;8;160.139638;0.089304;1.56363;0.0401576;0.115305
128;2;8;16;40.144257;0.11489;1.25561;0.012562;0.0349054
128;2;8;16;80.136753;0.143225;0.954813;0.0247213;0.0689005
128;2;8;16;160.131433;0.0919249;1.42979;0.0341096;0.0937407
128;2;8;32;40.147214;0.11181;1.31664;0.0121238;0.0334058
128;2;8;32;80.14042;0.154175;0.910783;0.0220701;0.0598737
128;2;8;32;160.134902;0.0979571;1.37715;0.0264333;0.0702954
128;2;16;4;40.144719;0.112031;1.29178;0.0129012;0.0360922
128;2;16;4;80.136456;0.144462;0.944582;0.0270423;0.0773762
128;2;16;4;160.130884;0.0918372;1.42518;0.0440275;0.130973
128;2;16;8;40.144313;0.118032;1.22266;0.0127878;0.0356945
128;2;16;8;80.136949;0.141926;0.964933;0.02624;0.0743941
128;2;16;8;160.13114;0.102542;1.27889;0.0401576;0.115305
128;2;16;16;40.148411;0.109911;1.35028;0.012562;0.0349054
128;2;16;16;80.139771;0.146052;0.956995;0.0247213;0.0689005
128;2;16;16;160.134448;0.0944281;1.42381;0.0341096;0.0937407
128;2;16;32;40.151255;0.12906;1.17197;0.0121238;0.0334058
128;2;16;32;80.146368;0.241726;0.605511;0.0220701;0.0598737
128;2;16;32;160.141721;0.101371;1.39804;0.0264333;0.0702954
128;2;32;4;40.149035;0.143184;1.04086;0.0129012;0.0360921
128;2;32;4;80.148245;0.145513;1.01878;0.0270423;0.0773762
128;2;32;4;160.136595;0.0963089;1.4183;0.0440275;0.130973
128;2;32;8;40.148461;0.135942;1.09209;0.0127878;0.0356944
128;2;32;8;80.156928;0.147068;1.06704;0.02624;0.0743941
128;2;32;8;160.141307;0.100741;1.40267;0.0401576;0.115305
128;2;32;16;40.149725;0.116025;1.29045;0.0125619;0.0349053
128;2;32;16;80.141931;0.152786;0.928953;0.0247213;0.0689005
128;2;32;16;160.136694;0.107063;1.27676;0.0341096;0.0937407
128;2;32;32;40.151564;0.118472;1.27932;0.0121237;0.0334057
128;2;32;32;80.14551;0.158243;0.919535;0.0220701;0.0598737
128;2;32;32;160.140287;0.107678;1.30284;0.0264333;0.0702954
256;1;4;4;40.536511;0.208517;2.57298;0.0258516;0.0744591
256;1;4;4;80.513296;0.202253;2.53789;0.0269081;0.0803379
256;1;4;4;160.507875;0.198352;2.56047;0.0526127;0.163762
256;1;4;8;40.538408;0.20893;2.57698;0.0257725;0.0741961
256;1;4;8;80.515611;0.20269;2.54384;0.0265608;0.0794709
256;1;4;8;160.509739;0.204234;2.49586;0.0502931;0.156609
256;1;4;16;40.543613;0.209923;2.58959;0.0256158;0.0736724
256;1;4;16;80.520759;0.209076;2.49076;0.025892;0.077695
256;1;4;16;160.515335;0.201036;2.5634;0.0463572;0.143376
256;1;4;32;40.55363;0.215732;2.56629;0.0253059;0.0726342
256;1;4;32;80.531536;0.207324;2.56379;0.0246765;0.0741775
256;1;4;32;160.526116;0.206405;2.54895;0.04048;0.122086
256;1;8;4;40.538629;0.207846;2.59148;0.025751;0.0742186
256;1;8;4;80.515463;0.204139;2.52506;0.0269085;0.0803387
256;1;8;4;160.509798;0.20041;2.54377;0.0526127;0.163762
256;1;8;8;40.540955;0.213279;2.53637;0.0256721;0.0739563
256;1;8;8;80.518103;0.20586;2.51677;0.0265612;0.0794717
256;1;8;8;160.512293;0.200508;2.55498;0.0502931;0.156609
256;1;8;16;40.545849;0.21385;2.55249;0.0255159;0.0734339
256;1;8;16;80.523421;0.205876;2.54241;0.0258925;0.0776958
256;1;8;16;160.517696;0.202182;2.56054;0.0463572;0.143376
256;1;8;32;40.555786;0.214923;2.58598;0.025207;0.0723985
256;1;8;32;80.533597;0.208111;2.564;0.0246769;0.0741783
256;1;8;32;160.528177;0.206962;2.55205;0.04048;0.122086
256;1;16;4;40.543307;0.209801;2.58963;0.025547;0.0737307
256;1;16;4;80.520923;0.204454;2.54788;0.0269094;0.0803404
256;1;16;4;160.515177;0.200977;2.56336;0.0526127;0.163762
256;1;16;8;40.545801;0.21154;2.58013;0.0254686;0.0734698
256;1;16;8;80.523072;0.203812;2.56644;0.0265621;0.0794734
256;1;16;8;160.517644;0.202493;2.55636;0.0502931;0.156609
256;1;16;16;40.55081;0.212279;2.59475;0.0253133;0.0729503
256;1;16;16;80.528557;0.207387;2.54865;0.0258933;0.0776975
256;1;16;16;160.523044;0.204287;2.56034;0.0463572;0.143376
256;1;16;32;40.560935;0.216426;2.59181;0.0250063;0.071922
256;1;16;32;80.538951;0.210182;2.56421;0.0246777;0.07418
256;1;16;32;160.533754;0.209148;2.55204;0.04048;0.122086
256;1;32;4;40.553402;0.213072;2.59725;0.0251357;0.0727477
256;1;32;4;80.531233;0.209636;2.53407;0.0269111;0.0803437
256;1;32;4;160.526045;0.20546;2.56033;0.0526127;0.163762
256;1;32;8;40.556115;0.214587;2.59156;0.0250582;0.0724902
256;1;32;8;80.533718;0.208223;2.5632;0.0265637;0.0794767
256;1;32;8;160.528412;0.207323;2.54874;0.0502931;0.156609
256;1;32;16;40.560557;0.215697;2.59882;0.0249049;0.0719776
256;1;32;16;80.53898;0.211495;2.54843;0.025895;0.0777008
256;1;32;16;160.533657;0.208296;2.56201;0.0463572;0.143376
256;1;32;32;40.570878;0.220229;2.5922;0.0246018;0.0709614
256;1;32;32;80.549692;0.214007;2.56857;0.0246793;0.0741832
256;1;32;32;160.544297;0.216743;2.51126;0.04048;0.122086
256;2;4;4;40.567337;0.239896;2.36493;0.00913372;0.0291069
256;2;4;4;80.537287;0.281582;1.9081;0.0269458;0.0804115
256;2;4;4;160.520887;0.342297;1.52174;0.0526127;0.163762
256;2;4;8;40.570582;0.24059;2.37159;0.00909587;0.0290146
256;2;4;8;80.541052;0.277072;1.95275;0.0265982;0.0795442
256;2;4;8;160.524441;0.344059;1.52428;0.0502931;0.156609
256;2;4;16;40.576341;0.242827;2.37346;0.00902031;0.0288279
256;2;4;16;80.547973;0.279981;1.95718;0.0259289;0.0777675
256;2;4;16;160.532;0.350764;1.51669;0.0463572;0.143376
256;2;4;32;40.588988;0.244678;2.4072;0.00887297;0.0284505
256;2;4;32;80.56166;0.286417;1.96099;0.0247122;0.0742489
256;2;4;32;160.546659;0.358679;1.52409;0.04048;0.122086
256;2;8;4;40.570384;0.237945;2.39712;0.00914307;0.02913
256;2;8;4;80.54075;0.276237;1.95756;0.0269457;0.0804115
256;2;8;4;160.524411;0.346171;1.51489;0.0526127;0.163762
256;2;8;8;40.573683;0.238663;2.40374;0.0091052;0.0290377
256;2;8;8;80.544295;0.27688;1.96582;0.0265981;0.0795441
256;2;8;8;160.5283;0.354699;1.48943;0.0502931;0.156609
256;2;8;16;40.586911;0.240284;2.44257;0.00902958;0.028851
256;2;8;16;80.558919;0.27836;2.0079;0.0259289;0.0777675
256;2;8;16;160.541818;0.350886;1.54414;0.0463572;0.143376
256;2;8;32;40.598733;0.244867;2.44513;0.00888218;0.0284733
256;2;8;32;80.573081;0.284829;2.01202;0.0247122;0.0742489
256;2;8;32;160.5566;0.361217;1.5409;0.04048;0.122086
256;2;16;4;40.584809;0.243585;2.40084;0.00916183;0.0291762
256;2;16;4;80.556856;0.289549;1.92319;0.0269457;0.0804115
256;2;16;4;160.538037;0.348291;1.54479;0.0526127;0.163762
256;2;16;8;40.585505;0.246696;2.37339;0.00912391;0.029084
256;2;16;8;80.558387;0.280797;1.98858;0.0265981;0.0795441
256;2;16;8;160.552262;0.349431;1.58046;0.0502931;0.156609
256;2;16;16;40.602042;0.249047;2.41738;0.00904823;0.0288972
256;2;16;16;80.575047;0.282112;2.03837;0.0259289;0.0777674
256;2;16;16;160.559518;0.357282;1.56604;0.0463572;0.143376
256;2;16;32;40.613976;0.248546;2.47027;0.0089007;0.0285188
256;2;16;32;80.588864;0.292319;2.01446;0.0247122;0.0742489
256;2;16;32;160.574598;0.367513;1.56348;0.04048;0.122086
256;2;32;4;40.604851;0.245555;2.4632;0.00919929;0.0292684
256;2;32;4;80.578269;0.286476;2.01856;0.0269457;0.0804114
256;2;32;4;160.560741;0.359961;1.55778;0.0526127;0.163762
256;2;32;8;40.608238;0.247775;2.4548;0.00916131;0.0291759
256;2;32;8;80.565098;0.285008;1.98274;0.0265981;0.079544
256;2;32;8;160.550613;0.35562;1.54832;0.0502931;0.156609
256;2;32;16;40.597144;0.247954;2.40829;0.00908551;0.0289889
256;2;32;16;80.572004;0.287932;1.98659;0.0259288;0.0777674
256;2;32;16;160.558167;0.364722;1.53039;0.0463572;0.143376
256;2;32;32;40.609346;0.249465;2.44261;0.00893778;0.0286102
256;2;32;32;80.58591;0.294113;1.99213;0.0247122;0.0742488
256;2;32;32;160.572936;0.370775;1.54524;0.04048;0.122086
512;1;4;4;42.15147;0.693534;3.10218;0.230879;0.566036
512;1;4;4;82.05833;0.665686;3.09205;0.0284524;0.0837392
512;1;4;4;162.03506;0.661029;3.07863;0.0368358;0.0983922
512;1;4;8;42.16172;0.695725;3.10715;0.230706;0.565621
512;1;4;8;82.06753;0.66564;3.10608;0.0282843;0.0834309
512;1;4;8;162.04417;0.791492;2.58267;0.0361712;0.0975677
512;1;4;16;42.17907;0.697427;3.12444;0.230361;0.564791
512;1;4;16;82.08849;0.673783;3.09964;0.0279595;0.0828169
512;1;4;16;162.06559;0.665477;3.10392;0.0349673;0.0960693
512;1;4;32;42.22017;0.709847;3.12767;0.229673;0.563135
512;1;4;32;82.12999;0.683693;3.11541;0.0273564;0.0816
512;1;4;32;162.10818;0.682153;3.09048;0.0329428;0.0924347
512;1;8;4;42.15904;0.691298;3.12317;0.230702;0.565625
512;1;8;4;82.06771;0.665175;3.10852;0.0283484;0.0834395
512;1;8;4;162.04408;0.662247;3.08658;0.0368362;0.098393
512;1;8;8;42.17259;0.694596;3.12785;0.23053;0.56521
512;1;8;8;82.07831;0.670368;3.10025;0.0281804;0.0831321
512;1;8;8;162.05504;0.662583;3.10156;0.0361717;0.0975685
512;1;8;16;42.18876;0.700549;3.12435;0.230185;0.564381
512;1;8;16;82.09895;0.673649;3.11579;0.0278559;0.0825199
512;1;8;16;162.07617;0.672128;3.08895;0.0349678;0.0960701
512;1;8;32;42.22874;0.713364;3.12427;0.229497;0.562726
512;1;8;32;82.14133;0.683915;3.13099;0.0272532;0.0813074
512;1;8;32;162.11859;0.686814;3.08466;0.0329433;0.0924355
512;1;16;4;42.17851;0.697519;3.12323;0.230341;0.564793
512;1;16;4;82.08831;0.670372;3.11515;0.0281407;0.0828395
512;1;16;4;162.0653;0.665896;3.10154;0.0368372;0.0983946
512;1;16;8;42.19087;0.700298;3.12849;0.230169;0.564378
512;1;16;8;82.09831;0.673262;3.11663;0.027973;0.0825339
512;1;16;8;162.07568;0.663105;3.13025;0.0361726;0.0975701
512;1;16;16;42.20899;0.71374;3.09495;0.229825;0.56355
512;1;16;16;82.12007;0.674167;3.14473;0.027649;0.0819261
512;1;16;16;162.09734;0.672693;3.11783;0.0349687;0.0960717
512;1;16;32;42.24886;0.718706;3.12904;0.229138;0.561897
512;1;16;32;82.16171;0.692726;3.12058;0.027047;0.0807216
512;1;16;32;162.13922;0.686475;3.11624;0.0329442;0.0924371
512;1;32;4;42.21909;0.709444;3.12793;0.229621;0.563133
512;1;32;4;82.13381;0.692903;3.07952;0.0277329;0.0816581
512;1;32;4;162.10892;0.688393;3.06353;0.036839;0.0983975
512;1;32;8;42.22944;0.729919;3.05436;0.229449;0.56272
512;1;32;8;82.14135;0.681336;3.14287;0.0275658;0.0813566
512;1;32;8;162.119;0.690948;3.0668;0.0361744;0.0975732
512;1;32;16;42.24894;0.736291;3.05442;0.229106;0.561893
512;1;32;16;82.16199;0.68772;3.1437;0.0272428;0.0807562
512;1;32;16;162.14037;0.698207;3.06552;0.0349704;0.0960748
512;1;32;32;42.28946;0.744764;3.07407;0.228422;0.560244
512;1;32;32;82.20455;0.700787;3.14582;0.0266424;0.0795659
512;1;32;32;162.18287;0.712346;3.06435;0.0329459;0.0924403
512;2;4;4;42.27785;0.746914;3.04968;0.124959;0.313235
512;2;4;4;82.15622;0.758941;2.84109;0.0173744;0.0457336
512;2;4;4;162.09567;0.82494;2.54039;0.0368752;0.0984576
512;2;4;8;42.2904;0.771313;2.96948;0.124793;0.312811
512;2;4;8;82.17054;0.761834;2.8491;0.0172797;0.0455983
512;2;4;8;162.11086;0.826089;2.55525;0.0362104;0.0976347
512;2;4;16;42.31371;0.753937;3.06884;0.12446;0.311964
512;2;4;16;82.19831;0.76971;2.85603;0.0170945;0.045336
512;2;4;16;162.14086;0.848111;2.52427;0.0350058;0.0961372
512;2;4;32;42.36231;0.7682;3.07513;0.123799;0.310279
512;2;4;32;82.2546;0.824559;2.73432;0.0167466;0.0448752
512;2;4;32;162.20139;0.870956;2.52755;0.0329801;0.0925035
512;2;8;4;42.28996;0.750337;3.05191;0.124788;0.31282
512;2;8;4;82.17064;0.760027;2.85601;0.0173734;0.045732
512;2;8;4;162.11145;0.856617;2.46487;0.0368752;0.0984576
512;2;8;8;42.30177;0.759793;3.02946;0.124622;0.312397
512;2;8;8;82.18426;0.769443;2.83875;0.0172787;0.0455966
512;2;8;8;162.12588;0.849074;2.50376;0.0362104;0.0976347
512;2;8;16;42.32555;0.764158;3.04328;0.12429;0.311552
512;2;8;16;82.21253;0.775193;2.85417;0.0170934;0.0453342
512;2;8;16;162.15614;0.855889;2.51918;0.0350058;0.0961371
512;2;8;32;42.37403;0.786321;3.01916;0.123629;0.309868
512;2;8;32;82.26904;0.798395;2.842;0.0167455;0.0448732
512;2;8;32;162.21657;0.888732;2.49409;0.0329801;0.0925035
512;2;16;4;42.31427;0.770532;3.00347;0.124442;0.311983
512;2;16;4;82.19849;0.771371;2.85011;0.0173714;0.0457286
512;2;16;4;162.14113;0.854287;2.50633;0.0368752;0.0984575
512;2;16;8;42.32571;0.766816;3.03294;0.124277;0.311561
512;2;16;8;82.21243;0.774495;2.85661;0.0172767;0.0455931
512;2;16;8;162.15595;0.874063;2.46659;0.0362104;0.0976347
512;2;16;16;42.34986;0.774112;3.03556;0.123946;0.310718
512;2;16;16;82.2438;0.800995;2.80127;0.0170913;0.0453305
512;2;16;16;162.18616;0.865155;2.5269;0.0350058;0.0961371
512;2;16;32;42.3984;0.789634;3.03735;0.123287;0.309039
512;2;16;32;82.29697;0.808354;2.84154;0.0167433;0.0448694
512;2;16;32;162.24568;0.911288;2.4643;0.0329801;0.0925035
512;2;32;4;42.36224;0.775443;3.04631;0.123755;0.310318
512;2;32;4;82.25439;0.792766;2.8437;0.0173672;0.0457215
512;2;32;4;162.20095;0.88184;2.49586;0.0368751;0.0984575
512;2;32;8;42.37389;0.784861;3.0246;0.12359;0.309898
512;2;32;8;82.2683;0.796529;2.84773;0.0172724;0.0455859
512;2;32;8;162.21607;0.882374;2.51148;0.0362103;0.0976346
512;2;32;16;42.39926;0.794521;3.01975;0.123261;0.30906
512;2;32;16;82.29719;0.807239;2.84574;0.017087;0.0453231
512;2;32;16;162.24578;0.903029;2.48695;0.0350057;0.096137
512;2;32;32;42.44601;0.811997;3.01234;0.122606;0.30739
512;2;32;32;82.35251;0.822936;2.85868;0.016739;0.0448616
512;2;32;32;162.30579;0.912022;2.52822;0.0329801;0.0925034
1024;1;4;4;48.6952;2.66775;3.25937;0.369293;0.865579
1024;1;4;4;88.31419;2.61557;3.17874;0.230583;0.568254
1024;1;4;4;168.21502;2.50523;3.27915;0.0301047;0.0835864
1024;1;4;8;48.72223;2.66872;3.26832;0.36922;0.865441
1024;1;4;8;88.35237;2.60984;3.20034;0.230406;0.567815
1024;1;4;8;168.25639;2.5187;3.27803;0.0298553;0.0832738
1024;1;4;16;48.80903;2.68897;3.27599;0.369075;0.865166
1024;1;4;16;88.43504;2.62628;3.21178;0.230052;0.566937
1024;1;4;16;168.34222;2.54385;3.27937;0.0293852;0.0826513
1024;1;4;32;48.95863;2.71652;3.29784;0.368783;0.864617
1024;1;4;32;88.60311;2.60507;3.30245;0.229343;0.565185
1024;1;4;32;168.50108;2.57492;3.30149;0.0285413;0.0814181
1024;1;8;4;48.71637;2.64119;3.30017;0.369224;0.865454
1024;1;8;4;88.33425;2.60766;3.19607;0.230394;0.567818
1024;1;8;4;168.24425;2.51523;3.27774;0.0300044;0.0832818
1024;1;8;8;48.75464;2.63968;3.31655;0.369151;0.865316
1024;1;8;8;88.38536;2.53506;3.30776;0.230217;0.567379
1024;1;8;8;168.29206;2.50433;3.31108;0.0297554;0.0829701
1024;1;8;16;48.83638;2.66576;3.31477;0.369005;0.865041
1024;1;8;16;88.46916;2.62538;3.22588;0.229863;0.566502
1024;1;8;16;168.37818;2.52731;3.31506;0.0292861;0.0823496
1024;1;8;32;49.00469;2.7109;3.32166;0.368714;0.864492
1024;1;8;32;88.63635;2.67663;3.22658;0.229155;0.564751
1024;1;8;32;168.54972;2.58096;3.31261;0.0284433;0.0811204
1024;1;16;4;48.78716;2.65382;3.31114;0.369077;0.865188
1024;1;16;4;88.42245;2.55152;3.30095;0.230014;0.56694
1024;1;16;4;168.33025;2.51475;3.31256;0.0298062;0.0826785
1024;1;16;8;48.83036;2.66046;3.31911;0.369004;0.86505
1024;1;16;8;88.46811;2.62673;3.22382;0.229838;0.566501
1024;1;16;8;168.37925;2.56275;3.26964;0.029558;0.082369
1024;1;16;16;49.03068;2.69531;3.35051;0.368859;0.864775
1024;1;16;16;88.65676;2.70388;3.20161;0.229484;0.565625
1024;1;16;16;168.58011;2.58297;3.3218;0.0290901;0.0817526
1024;1;16;32;49.18207;2.85553;3.21554;0.368568;0.864226
1024;1;16;32;88.73449;2.64069;3.30766;0.228777;0.563876
1024;1;16;32;168.62889;2.62032;3.29306;0.0282498;0.080531
1024;1;32;4;48.95826;2.70745;3.30874;0.368782;0.864656
1024;1;32;4;88.58905;2.65749;3.23201;0.22926;0.565192
1024;1;32;4;168.50212;2.54932;3.33505;0.0294182;0.0814928
1024;1;32;8;48.98276;2.7276;3.29328;0.36871;0.864518
1024;1;32;8;88.88108;2.62482;3.3835;0.229084;0.564755
1024;1;32;8;168.78661;2.551;3.44438;0.0291715;0.0811871
1024;1;32;16;49.28582;2.71538;3.41971;0.368564;0.864243
1024;1;32;16;88.95834;2.67764;3.34561;0.228732;0.563881
1024;1;32;16;168.875;2.57592;3.44537;0.0287064;0.0805786
1024;1;32;32;49.43242;2.76168;3.41547;0.368274;0.863694
1024;1;32;32;89.15877;2.74293;3.33905;0.228028;0.562137
1024;1;32;32;169.05509;2.63293;3.43917;0.0278711;0.0793723
1024;2;4;4;49.44243;2.78642;3.38873;0.316207;0.759498
1024;2;4;4;88.90665;2.77492;3.20969;0.0371186;0.102921
1024;2;4;4;168.70609;2.76646;3.14701;0.0207087;0.0524721
1024;2;4;8;49.23127;2.83102;3.26076;0.316098;0.759264
1024;2;4;8;88.75182;2.75003;3.18245;0.0370007;0.102649
1024;2;4;8;168.52274;2.75419;3.09447;0.0205462;0.0520677
1024;2;4;16;49.33653;2.84726;3.27913;0.31588;0.758796
1024;2;4;16;88.86459;2.76513;3.20585;0.0367687;0.102106
1024;2;4;16;168.64086;2.79742;3.08887;0.0202476;0.0513371
1024;2;4;32;49.52112;2.91627;3.26483;0.315444;0.757861
1024;2;4;32;89.09241;2.84469;3.19628;0.036319;0.10103
1024;2;4;32;168.87712;2.87205;3.09087;0.0197316;0.0501938
1024;2;8;4;49.24095;2.82948;3.26595;0.3161;0.759275
1024;2;8;4;88.75612;2.76988;3.16119;0.0370188;0.102668
1024;2;8;4;168.51465;2.76298;3.08169;0.0207074;0.0524707
1024;2;8;8;49.28068;2.84111;3.26656;0.315991;0.759041
1024;2;8;8;88.8085;2.77461;3.17468;0.0369012;0.102396
1024;2;8;8;168.5771;2.7789;3.08651;0.0205449;0.0520662
1024;2;8;16;49.37075;2.99883;3.1248;0.315773;0.758573
1024;2;8;16;88.92053;2.77912;3.20984;0.0366697;0.101855
1024;2;8;16;168.70508;2.79255;3.11725;0.0202462;0.0513354
1024;2;8;32;49.56348;2.92309;3.2717;0.315338;0.757638
1024;2;8;32;89.14388;2.9174;3.13426;0.036221;0.100783
1024;2;8;32;168.93373;2.88154;3.10033;0.0197302;0.0501918
1024;2;16;4;49.33979;2.84696;3.28062;0.315881;0.758816
1024;2;16;4;88.86276;2.82614;3.13599;0.0368195;0.102163
1024;2;16;4;168.63356;2.84321;3.03655;0.0207048;0.0524678
1024;2;16;8;49.37142;2.87648;3.25795;0.315773;0.758582
1024;2;16;8;88.91871;2.87608;3.10099;0.0367024;0.101892
1024;2;16;8;168.6973;2.80945;3.09573;0.0205422;0.0520632
1024;2;16;16;49.48137;2.88701;3.28415;0.315555;0.758114
1024;2;16;16;89.03029;2.82946;3.19153;0.0364719;0.101354
1024;2;16;16;168.81286;2.85215;3.0899;0.0202435;0.051332
1024;2;16;32;49.67589;2.9338;3.29807;0.31512;0.757179
1024;2;16;32;89.2616;2.97057;3.11779;0.0360251;0.100287
1024;2;16;32;169.28702;2.95356;3.14435;0.0197274;0.0501879
1024;2;32;4;49.69162;2.93979;3.29671;0.315443;0.757899
1024;2;32;4;89.35061;2.88018;3.24654;0.0364249;0.101161
1024;2;32;4;169.14428;2.89209;3.16183;0.0206994;0.052462
1024;2;32;8;49.81678;2.9734;3.30153;0.315334;0.757665
1024;2;32;8;89.28009;2.90423;3.19537;0.0363088;0.100893
1024;2;32;8;169.19048;2.90267;3.16622;0.0205368;0.052057
1024;2;32;16;49.94835;2.95493;3.3667;0.315117;0.757198
1024;2;32;16;89.49439;2.92996;3.24046;0.0360802;0.100361
1024;2;32;16;169.2321;2.96517;3.11352;0.0202381;0.0513252
1024;2;32;32;49.85252;3.039;3.24203;0.314683;0.756263
1024;2;32;32;89.48042;2.97044;3.19158;0.0356369;0.0993049
1024;2;32;32;169.30973;3.00554;3.09752;0.019722;0.0501801
2048;1;4;4;435.0268;10.4897;3.33916;0.42265;0.967702
2048;1;4;4;833.5143;10.0858;3.32291;0.372853;0.874718
2048;1;4;4;1633.1684;9.90585;3.34836;0.231666;0.572344
2048;1;4;8;435.1954;10.4752;3.35987;0.422627;0.967658
2048;1;4;8;833.7127;10.0607;3.35093;0.372776;0.874567
2048;1;4;8;1633.32;9.90373;3.36439;0.231494;0.571896
2048;1;4;16;435.4942;10.5886;3.35211;0.422582;0.967569
2048;1;4;16;834.4632;10.1805;3.38521;0.372621;0.874264
2048;1;4;16;1633.6486;9.84614;3.41744;0.231146;0.571001
2048;1;4;32;436.139;10.7012;3.37711;0.42249;0.967392
2048;1;4;32;834.7373;10.355;3.35463;0.372312;0.87366
2048;1;4;32;1634.3858;10.238;3.35865;0.230442;0.569215
2048;1;8;4;435.8481;10.4514;3.42998;0.422628;0.967645
2048;1;8;4;834.2514;10.0598;3.40477;0.372776;0.874573
2048;1;8;4;1634.143;9.88963;3.4524;0.231476;0.571905
2048;1;8;8;435.3205;10.4788;3.37066;0.422605;0.967601
2048;1;8;8;833.8575;10.1554;3.33393;0.372699;0.874422
2048;1;8;8;1633.4687;9.87225;3.39018;0.231304;0.571457
2048;1;8;16;435.6199;10.8407;3.28575;0.42256;0.967512
2048;1;8;16;834.1947;10.0758;3.39374;0.372544;0.874119
2048;1;8;16;1633.847;9.96486;3.39663;0.230957;0.570563
2048;1;8;32;436.2789;10.7796;3.36552;0.422468;0.967335
2048;1;8;32;834.8834;10.4488;3.3385;0.372235;0.873515
2048;1;8;32;1634.5276;10.3587;3.33319;0.230253;0.568778
2048;1;16;4;435.5268;10.563;3.36334;0.422584;0.967553
2048;1;16;4;834.0185;10.0975;3.36901;0.372619;0.874276
2048;1;16;4;1633.6679;9.94205;3.38641;0.231096;0.571022
2048;1;16;8;436.0726;10.7434;3.35765;0.422561;0.967509
2048;1;16;8;834.6358;10.2516;3.37857;0.372542;0.874125
2048;1;16;8;1634.2679;10.0578;3.4071;0.230924;0.570575
2048;1;16;16;436.398;10.5836;3.43909;0.422515;0.96742
2048;1;16;16;834.9783;10.2368;3.41691;0.372388;0.873823
2048;1;16;16;1634.19;10.3128;3.31531;0.230577;0.569682
2048;1;16;32;436.5918;10.8593;3.36962;0.422424;0.967243
2048;1;16;32;835.2241;10.4166;3.38153;0.372079;0.873219
2048;1;16;32;1634.8762;10.2344;3.40775;0.229875;0.567899
2048;1;32;4;436.1061;10.6836;3.37959;0.422493;0.967369
2048;1;32;4;834.7109;10.2313;3.39263;0.372307;0.873683
2048;1;32;4;1634.3669;10.1238;3.39467;0.230336;0.56926
2048;1;32;8;436.2737;10.8348;3.34789;0.42247;0.967324
2048;1;32;8;835.3208;10.4807;3.3701;0.37223;0.873532
2048;1;32;8;1634.9683;10.2008;3.42799;0.230165;0.568814
2048;1;32;16;437.0556;10.8078;3.42861;0.422425;0.967236
2048;1;32;16;835.6671;10.3998;3.42959;0.372075;0.87323
2048;1;32;16;1635.3104;10.2157;3.45648;0.22982;0.567923
2048;1;32;32;437.4884;11.5441;3.24739;0.422333;0.967059
2048;1;32;32;835.9086;10.7629;3.33634;0.371767;0.872626
2048;1;32;32;1635.5614;10.656;3.33721;0.22912;0.566145
2048;2;4;4;437.0228;11.2326;3.29602;0.404771;0.93438
2048;2;4;4;835.0899;10.5085;3.33918;0.236819;0.586209
2048;2;4;4;1634.1402;10.2343;3.33587;0.0106982;0.0287222
2048;2;4;8;437.2419;11.143;3.34218;0.404734;0.934312
2048;2;4;8;835.3408;10.6016;3.33355;0.236663;0.585838
2048;2;4;8;1634.3684;10.4029;3.30374;0.0106401;0.0286313
2048;2;4;16;437.6541;11.0548;3.40612;0.404659;0.934174
2048;2;4;16;835.7623;10.6913;3.34498;0.236351;0.585096
2048;2;4;16;1635.4826;10.607;3.3452;0.0105305;0.0284514
2048;2;4;32;439.1408;11.4909;3.40624;0.404508;0.9339
2048;2;4;32;837.3463;10.9752;3.4028;0.235727;0.583615
2048;2;4;32;1636.5473;10.8481;3.369;0.0103317;0.0280972
2048;2;8;4;438.055;11.0403;3.44692;0.404735;0.934312
2048;2;8;4;835.7844;10.5216;3.40105;0.236664;0.585855
2048;2;8;4;1634.9352;10.3931;3.36137;0.0106828;0.0286597
2048;2;8;8;438.1659;11.0838;3.44339;0.404697;0.934243
2048;2;8;8;836.2456;10.5113;3.44824;0.236508;0.585484
2048;2;8;8;1635.0822;10.5418;3.32792;0.0106248;0.0285693
2048;2;8;16;437.8773;11.2282;3.37342;0.404622;0.934106
2048;2;8;16;836.4495;10.8272;3.36647;0.236196;0.584743
2048;2;8;16;1635.1115;10.6848;3.2861;0.0105155;0.0283902
2048;2;8;32;438.6552;11.4792;3.36742;0.404472;0.933832
2048;2;8;32;836.9319;10.9279;3.3796;0.235573;0.583262
2048;2;8;32;1636.0585;10.8139;3.33447;0.0103171;0.0280374
2048;2;16;4;437.6509;11.1226;3.3851;0.40466;0.934176
2048;2;16;4;835.7605;10.7264;3.33386;0.236353;0.58514
2048;2;16;4;1634.8443;10.427;3.34174;0.0106519;0.0285344
2048;2;16;8;437.8534;11.1436;3.39686;0.404623;0.934107
2048;2;16;8;835.986;10.9366;3.29041;0.236197;0.584769
2048;2;16;8;1635.1184;10.5147;3.33993;0.0105942;0.0284449
2048;2;16;16;438.2705;11.203;3.41609;0.404548;0.93397
2048;2;16;16;836.4744;10.7738;3.38549;0.235885;0.584028
2048;2;16;16;1635.5982;10.7564;3.30948;0.0104853;0.0282673
2048;2;16;32;439.5946;11.5981;3.41389;0.404398;0.933696
2048;2;16;32;838.007;11.0921;3.4265;0.235263;0.58255
2048;2;16;32;1637.3265;11.0866;3.36682;0.0102877;0.0279171
2048;2;32;4;438.918;11.3417;3.43141;0.404511;0.933904
2048;2;32;4;836.6781;10.9169;3.35974;0.23573;0.583712
2048;2;32;4;1635.8244;10.7182;3.34238;0.0105907;0.0282861
2048;2;32;8;438.6116;11.3512;3.40155;0.404474;0.933835
2048;2;32;8;836.901;11.07;3.33343;0.235575;0.583342
2048;2;32;8;1636.058;10.963;3.28906;0.0105334;0.0281979
2048;2;32;16;439.0173;11.5688;3.37263;0.404399;0.933698
2048;2;32;16;837.3526;11.2268;3.3271;0.235264;0.582603
2048;2;32;16;1636.5441;11.1181;3.2869;0.0104254;0.0280229
2048;2;32;32;439.785;11.7433;3.38789;0.404248;0.933424
2048;2;32;32;838.2668;11.5518;3.31262;0.234644;0.581128
2048;2;32;32;1637.5307;11.2219;3.34441;0.0102294;0.0276776
