Iteration, Max. Fehler
0, 10.9364
1, 7.47564
2, 5.33025
3, 4.42455
4, 3.95194
5, 3.5744
6, 3.32441
7, 3.12625
8, 2.94029
9, 2.78398
10, 2.63805
11, 2.50543
12, 2.39921
13, 2.30771
14, 2.22236
15, 2.14346
16, 2.071
17, 2.01079
18, 1.96424
19, 1.91985
20, 1.87815
21, 1.83997
22, 1.80326
23, 1.76906
24, 1.74053
25, 1.71403
26, 1.68932
27, 1.66621
28, 1.64453
29, 1.62415
30, 1.60544
31, 1.58843
32, 1.5723
33, 1.55695
34, 1.54234
35, 1.5284
36, 1.51508
37, 1.50234
38, 1.49014
39, 1.47843
40, 1.46719
41, 1.45711
42, 1.44745
43, 1.43812
44, 1.42909
45, 1.4207
46, 1.41281
47, 1.40518
48, 1.39777
49, 1.39102
50, 1.38454
51, 1.37822
52, 1.37205
53, 1.36602
54, 1.36013
55, 1.35436
56, 1.34872
57, 1.34357
58, 1.33883
59, 1.33434
60, 1.32991
61, 1.32555
62, 1.32124
63, 1.31699
64, 1.3128
65, 1.30866
66, 1.30467
67, 1.30103
68, 1.29743
69, 1.29387
70, 1.29033
71, 1.28682
72, 1.28335
73, 1.2799
74, 1.27649
75, 1.2731
76, 1.26983
77, 1.26679
78, 1.26376
79, 1.26075
80, 1.25776
81, 1.25478
82, 1.25182
83, 1.24888
84, 1.24599
85, 1.24313
86, 1.24027
87, 1.23743
88, 1.23461
89, 1.23195
90, 1.22932
91, 1.2267
92, 1.22409
93, 1.22149
94, 1.2189
95, 1.21633
96, 1.21377
97, 1.21122
98, 1.20868
99, 1.20616
100, 1.20365
101, 1.20115
102, 1.19872
103, 1.19639
104, 1.19407
105, 1.19176
106, 1.18946
107, 1.18717
108, 1.1849
109, 1.18263
110, 1.18038
111, 1.17814
112, 1.17591
113, 1.17369
114, 1.17148
115, 1.16929
116, 1.16711
117, 1.16493
118, 1.16277
119, 1.16062
120, 1.15854
121, 1.15653
122, 1.15452
123, 1.15253
124, 1.15054
125, 1.14857
126, 1.1466
127, 1.14465
128, 1.14271
129, 1.14077
130, 1.13885
131, 1.13693
132, 1.13503
133, 1.13314
134, 1.13134
135, 1.12957
136, 1.12781
137, 1.12605
138, 1.1243
139, 1.12256
140, 1.12083
141, 1.11911
142, 1.1174
143, 1.1157
144, 1.114
145, 1.11231
146, 1.11063
147, 1.10896
148, 1.1073
149, 1.10565
150, 1.104
151, 1.10237
152, 1.10082
153, 1.09928
154, 1.09775
155, 1.09622
156, 1.0947
157, 1.09318
158, 1.09168
159, 1.09018
160, 1.08868
161, 1.0872
162, 1.08572
163, 1.08424
164, 1.08277
165, 1.08131
166, 1.07986
167, 1.07841
168, 1.07697
169, 1.0756
170, 1.07424
171, 1.07288
172, 1.07153
173, 1.07018
174, 1.06884
175, 1.0675
176, 1.06617
177, 1.06484
178, 1.06352
179, 1.0622
180, 1.06089
181, 1.05958
182, 1.05828
183, 1.05699
184, 1.05569
185, 1.05445
186, 1.05322
187, 1.052
188, 1.05078
189, 1.04957
190, 1.04836
191, 1.04716
192, 1.04596
193, 1.04476
194, 1.04357
195, 1.04238
196, 1.04119
197, 1.04001
198, 1.03883
199, 1.03766
200, 1.03649
201, 1.03532
202, 1.03415
203, 1.033
204, 1.03184
205, 1.03069
206, 1.02954
207, 1.02843
208, 1.02733
209, 1.02624
210, 1.02515
211, 1.02407
212, 1.02298
213, 1.0219
214, 1.02083
215, 1.01975
216, 1.01868
217, 1.01761
218, 1.01655
219, 1.01548
220, 1.01442
221, 1.01337
222, 1.01231
223, 1.01126
224, 1.01021
225, 1.00916
226, 1.00812
227, 1.00708
228, 1.00604
229, 1.005
230, 1.00397
231, 1.00297
232, 1.00198
233, 1.001
234, 1.00001
235, 0.999027
236, 0.998046
237, 0.997067
238, 0.99609
239, 0.995115
240, 0.994142
241, 0.993171
242, 0.992202
243, 0.991235
244, 0.99027
245, 0.989307
246, 0.988347
247, 0.987388
248, 0.986431
249, 0.985476
250, 0.984524
251, 0.983573
252, 0.982624
253, 0.981677
254, 0.980732
255, 0.979789
256, 0.978848
257, 0.977914
258, 0.977007
259, 0.976103
260, 0.9752
261, 0.974299
262, 0.973399
263, 0.972501
264, 0.971604
265, 0.970709
266, 0.969816
267, 0.968924
268, 0.968034
269, 0.967145
270, 0.966258
271, 0.965373
272, 0.964489
273, 0.963606
274, 0.962725
275, 0.961846
276, 0.960968
277, 0.960092
278, 0.959217
279, 0.958352
280, 0.95749
281, 0.95663
282, 0.95577
283, 0.954912
284, 0.954056
285, 0.953201
286, 0.952347
287, 0.951495
288, 0.950644
289, 0.949801
290, 0.948978
291, 0.948157
292, 0.947337
293, 0.946517
294, 0.945699
295, 0.944882
296, 0.944067
297, 0.943252
298, 0.942439
299, 0.941627
300, 0.940815
301, 0.940006
302, 0.939197
303, 0.938389
304, 0.937583
305, 0.936778
306, 0.935974
307, 0.935171
308, 0.934369
309, 0.933569
310, 0.932769
311, 0.931971
312, 0.931174
313, 0.930378
314, 0.929583
315, 0.92879
316, 0.927997
317, 0.927206
318, 0.926416
319, 0.925627
320, 0.92484
321, 0.924053
322, 0.923268
323, 0.922483
324, 0.9217
325, 0.920935
326, 0.920174
327, 0.919413
328, 0.918653
329, 0.917894
330, 0.917136
331, 0.916379
332, 0.915623
333, 0.914868
334, 0.914114
335, 0.913362
336, 0.91261
337, 0.911859
338, 0.911109
339, 0.91036
340, 0.909612
341, 0.908865
342, 0.908119
343, 0.907374
344, 0.906631
345, 0.905888
346, 0.905146
347, 0.904405
348, 0.903665
349, 0.902926
350, 0.902188
351, 0.901451
352, 0.900715
353, 0.89998
354, 0.899247
355, 0.898514
356, 0.897782
357, 0.897051
358, 0.896321
359, 0.895592
360, 0.894864
361, 0.894137
362, 0.893411
363, 0.892687
364, 0.891963
365, 0.89124
366, 0.890518
367, 0.889797
368, 0.889091
369, 0.888392
370, 0.887694
371, 0.886997
372, 0.886301
373, 0.885605
374, 0.884911
375, 0.884217
376, 0.883524
377, 0.882832
378, 0.88214
379, 0.88145
380, 0.88076
381, 0.880072
382, 0.879384
383, 0.878696
384, 0.87801
385, 0.877325
386, 0.87664
387, 0.875956
388, 0.875273
389, 0.874591
390, 0.87391
391, 0.873229
392, 0.87255
393, 0.871871
394, 0.871193
395, 0.870516
396, 0.869839
397, 0.869164
398, 0.868489
399, 0.867816
400, 0.867143
401, 0.86647
402, 0.865799
403, 0.865129
404, 0.864459
405, 0.86379
406, 0.863122
407, 0.862455
408, 0.861789
409, 0.861123
410, 0.860459
411, 0.859795
412, 0.859132
413, 0.85847
414, 0.857809
415, 0.857148
416, 0.856488
417, 0.85583
418, 0.855172
419, 0.854522
420, 0.853876
421, 0.85323
422, 0.852585
423, 0.851941
424, 0.851298
425, 0.850655
426, 0.850014
427, 0.849372
428, 0.848732
429, 0.848093
430, 0.847454
431, 0.846816
432, 0.846178
433, 0.845542
434, 0.844906
435, 0.844271
436, 0.843637
437, 0.843003
438, 0.84237
439, 0.841738
440, 0.841107
441, 0.840476
442, 0.839846
443, 0.839217
444, 0.838589
445, 0.837961
446, 0.837334
447, 0.836708
448, 0.836083
449, 0.835458
450, 0.834834
451, 0.834211
452, 0.833589
453, 0.832967
454, 0.832346
455, 0.831726
456, 0.831106
457, 0.830487
458, 0.829869
459, 0.829252
460, 0.828635
461, 0.82802
462, 0.827404
463, 0.82679
464, 0.826176
465, 0.825564
466, 0.824951
467, 0.82434
468, 0.823729
469, 0.823119
470, 0.82251
471, 0.821901
472, 0.821293
473, 0.820686
474, 0.82008
475, 0.819474
476, 0.818869
477, 0.818265
478, 0.817662
479, 0.817059
480, 0.816457
481, 0.815855
482, 0.815255
483, 0.814655
484, 0.814056
485, 0.813468
486, 0.81288
487, 0.812293
488, 0.811706
489, 0.811121
490, 0.810535
491, 0.809951
492, 0.809367
493, 0.808783
494, 0.808201
495, 0.807618
496, 0.807037
497, 0.806456
498, 0.805876
499, 0.805297
500, 0.804718
501, 0.804139
502, 0.803562
503, 0.802985
504, 0.802408
505, 0.801833
506, 0.801257
507, 0.800683
508, 0.800109
509, 0.799536
510, 0.798963
511, 0.798391
512, 0.79782
513, 0.797249
514, 0.796679
515, 0.79611
516, 0.795541
517, 0.794972
518, 0.794405
519, 0.793838
520, 0.793271
521, 0.792706
522, 0.79214
523, 0.791576
524, 0.791012
525, 0.790449
526, 0.789886
527, 0.789324
528, 0.788762
529, 0.788202
530, 0.787641
531, 0.787082
532, 0.786523
533, 0.785964
534, 0.785406
535, 0.784849
536, 0.784293
537, 0.783737
538, 0.783181
539, 0.782626
540, 0.782072
541, 0.781519
542, 0.780966
543, 0.780413
544, 0.779861
545, 0.77931
546, 0.77876
547, 0.778209
548, 0.77766
549, 0.777111
550, 0.776563
551, 0.776015
552, 0.775468
553, 0.774922
554, 0.774376
555, 0.773831
556, 0.773286
557, 0.772742
558, 0.772198
559, 0.771655
560, 0.771113
561, 0.770571
562, 0.77003
563, 0.769489
564, 0.768949
565, 0.76841
566, 0.767871
567, 0.767333
568, 0.766795
569, 0.766258
570, 0.765721
571, 0.765185
572, 0.76465
573, 0.764115
574, 0.76358
575, 0.763047
576, 0.762513
577, 0.761981
578, 0.761449
579, 0.760917
580, 0.760386
581, 0.759856
582, 0.759326
583, 0.758797
584, 0.758268
585, 0.75774
586, 0.757212
587, 0.756685
588, 0.756159
589, 0.755633
590, 0.755108
591, 0.754587
592, 0.754067
593, 0.753547
594, 0.753027
595, 0.752508
596, 0.75199
597, 0.751472
598, 0.750955
599, 0.750438
600, 0.749922
601, 0.749406
602, 0.748891
603, 0.748376
604, 0.747862
605, 0.747348
606, 0.746835
607, 0.746322
608, 0.74581
609, 0.745298
610, 0.744787
611, 0.744277
612, 0.743766
613, 0.743257
614, 0.742748
615, 0.742239
616, 0.741731
617, 0.741224
618, 0.740717
619, 0.74021
620, 0.739704
621, 0.739198
622, 0.738693
623, 0.738189
624, 0.737685
625, 0.737181
626, 0.736678
627, 0.736176
628, 0.735674
629, 0.735172
630, 0.734671
631, 0.734171
632, 0.73367
633, 0.733171
634, 0.732672
635, 0.732173
636, 0.731675
637, 0.731178
638, 0.73068
639, 0.730184
640, 0.729688
641, 0.729192
642, 0.728697
643, 0.728202
644, 0.727708
645, 0.727214
646, 0.726721
647, 0.726228
648, 0.725736
649, 0.725244
650, 0.724753
651, 0.724262
652, 0.723772
653, 0.723282
654, 0.722793
655, 0.722305
656, 0.721819
657, 0.721332
658, 0.720846
659, 0.720361
660, 0.719876
661, 0.719392
662, 0.718908
663, 0.718424
664, 0.717941
665, 0.717458
666, 0.716976
667, 0.716494
668, 0.716013
669, 0.715532
670, 0.715052
671, 0.714572
672, 0.714093
673, 0.713614
674, 0.713135
675, 0.712657
676, 0.71218
677, 0.711702
678, 0.711226
679, 0.710749
680, 0.710274
681, 0.709798
682, 0.709323
683, 0.708849
684, 0.708375
685, 0.707901
686, 0.707428
687, 0.706955
688, 0.706483
689, 0.706011
690, 0.70554
691, 0.705069
692, 0.704599
693, 0.704128
694, 0.703659
695, 0.70319
696, 0.702721
697, 0.702253
698, 0.701785
699, 0.701317
700, 0.70085
701, 0.700384
702, 0.699918
703, 0.699452
704, 0.698987
705, 0.698522
706, 0.698057
707, 0.697593
708, 0.69713
709, 0.696667
710, 0.696204
711, 0.695742
712, 0.69528
713, 0.694818
714, 0.694357
715, 0.693897
716, 0.693437
717, 0.692977
718, 0.692518
719, 0.692059
720, 0.6916
721, 0.691142
722, 0.690684
723, 0.690227
724, 0.68977
725, 0.689314
726, 0.688858
727, 0.688403
728, 0.687947
729, 0.687493
730, 0.687038
731, 0.686584
732, 0.686131
733, 0.685678
734, 0.685225
735, 0.684773
736, 0.684321
737, 0.683869
738, 0.683418
739, 0.682968
740, 0.682517
741, 0.682068
742, 0.681618
743, 0.681169
744, 0.680721
745, 0.680272
746, 0.679824
747, 0.679377
748, 0.67893
749, 0.678483
750, 0.678037
751, 0.677591
752, 0.677146
753, 0.676701
754, 0.676256
755, 0.675812
756, 0.675368
757, 0.674925
758, 0.674484
759, 0.674043
760, 0.673602
761, 0.673162
762, 0.672722
763, 0.672283
764, 0.671844
765, 0.671405
766, 0.670967
767, 0.670529
768, 0.670091
769, 0.669654
770, 0.669217
771, 0.668781
772, 0.668344
773, 0.667909
774, 0.667473
775, 0.667038
776, 0.666604
777, 0.66617
778, 0.665736
779, 0.665302
780, 0.664869
781, 0.664436
782, 0.664004
783, 0.663572
784, 0.66314
785, 0.662709
786, 0.662278
787, 0.661848
788, 0.661418
789, 0.660988
790, 0.660558
791, 0.660129
792, 0.659701
793, 0.659272
794, 0.658844
795, 0.658417
796, 0.65799
797, 0.657563
798, 0.657136
799, 0.65671
800, 0.656284
801, 0.655859
802, 0.655434
803, 0.655009
804, 0.654585
805, 0.654161
806, 0.653737
807, 0.653314
808, 0.652891
809, 0.652468
810, 0.652046
811, 0.651624
812, 0.651203
813, 0.650781
814, 0.650361
815, 0.64994
816, 0.64952
817, 0.6491
818, 0.648681
819, 0.648262
820, 0.647843
821, 0.647425
822, 0.647007
823, 0.646589
824, 0.646172
825, 0.645755
826, 0.645338
827, 0.644922
828, 0.644506
829, 0.64409
830, 0.643675
831, 0.64326
832, 0.642846
833, 0.642431
834, 0.642018
835, 0.641604
836, 0.641191
837, 0.640778
838, 0.640366
839, 0.639953
840, 0.639542
841, 0.63913
842, 0.638719
843, 0.638308
844, 0.637898
845, 0.637487
846, 0.637078
847, 0.636668
848, 0.636259
849, 0.63585
850, 0.635442
851, 0.635034
852, 0.634626
853, 0.634218
854, 0.633811
855, 0.633404
856, 0.632998
857, 0.632592
858, 0.632186
859, 0.63178
860, 0.631375
861, 0.630971
862, 0.630566
863, 0.630162
864, 0.629758
865, 0.629354
866, 0.628951
867, 0.628548
868, 0.628146
869, 0.627744
870, 0.627342
871, 0.62694
872, 0.626539
873, 0.626138
874, 0.625737
875, 0.625337
876, 0.624937
877, 0.624538
878, 0.624138
879, 0.623739
880, 0.623341
881, 0.622942
882, 0.622544
883, 0.622147
884, 0.621749
885, 0.621352
886, 0.620955
887, 0.620559
888, 0.620163
889, 0.619767
890, 0.619371
891, 0.618976
892, 0.618581
893, 0.618187
894, 0.617793
895, 0.617399
896, 0.617005
897, 0.616612
898, 0.616219
899, 0.615826
900, 0.615434
901, 0.615042
902, 0.61465
903, 0.614259
904, 0.613867
905, 0.613477
906, 0.613086
907, 0.612696
908, 0.612306
909, 0.611916
910, 0.611527
911, 0.611138
912, 0.61075
913, 0.610361
914, 0.609973
915, 0.609585
916, 0.609198
917, 0.608811
918, 0.608424
919, 0.608037
920, 0.607651
921, 0.607265
922, 0.60688
923, 0.606494
924, 0.606109
925, 0.605725
926, 0.60534
927, 0.604956
928, 0.604572
929, 0.604189
930, 0.603805
931, 0.603423
932, 0.60304
933, 0.602658
934, 0.602276
935, 0.601894
936, 0.601512
937, 0.601131
938, 0.60075
939, 0.60037
940, 0.59999
941, 0.59961
942, 0.59923
943, 0.598851
944, 0.598471
945, 0.598093
946, 0.597714
947, 0.597336
948, 0.596958
949, 0.59658
950, 0.596203
951, 0.595826
952, 0.595449
953, 0.595073
954, 0.594697
955, 0.594321
956, 0.593945
957, 0.59357
958, 0.593195
959, 0.59282
960, 0.592446
961, 0.592071
962, 0.591698
963, 0.591324
964, 0.590951
965, 0.590578
966, 0.590205
967, 0.589833
968, 0.589462
969, 0.589091
970, 0.58872
971, 0.58835
972, 0.58798
973, 0.58761
974, 0.58724
975, 0.586871
976, 0.586502
977, 0.586133
978, 0.585765
979, 0.585397
980, 0.585029
981, 0.584661
982, 0.584294
983, 0.583927
984, 0.58356
985, 0.583193
986, 0.582827
987, 0.582461
988, 0.582095
989, 0.58173
990, 0.581365
991, 0.581
992, 0.580635
993, 0.580271
994, 0.579907
995, 0.579543
996, 0.57918
997, 0.578817
998, 0.578454
999, 0.578091
1000, 0.577729
1001, 0.577366
1002, 0.577005
1003, 0.576643
1004, 0.576282
1005, 0.575921
1006, 0.57556
1007, 0.575199
1008, 0.574839
1009, 0.574479
1010, 0.574119
1011, 0.57376
1012, 0.573401
1013, 0.573042
1014, 0.572683
1015, 0.572325
1016, 0.571967
1017, 0.571609
1018, 0.571251
1019, 0.570894
1020, 0.570537
1021, 0.57018
1022, 0.569823
1023, 0.569467
1024, 0.569111
1025, 0.568755
1026, 0.5684
1027, 0.568045
1028, 0.56769
1029, 0.567335
1030, 0.566981
1031, 0.566627
1032, 0.566273
1033, 0.565919
1034, 0.565566
1035, 0.565213
1036, 0.56486
1037, 0.564507
1038, 0.564155
1039, 0.563803
1040, 0.563451
1041, 0.563099
1042, 0.562748
1043, 0.562397
1044, 0.562046
1045, 0.561696
1046, 0.561345
1047, 0.560995
1048, 0.560645
1049, 0.560296
1050, 0.559947
1051, 0.559598
1052, 0.559249
1053, 0.5589
1054, 0.558552
1055, 0.558204
1056, 0.557856
1057, 0.557509
1058, 0.557162
1059, 0.556815
1060, 0.556468
1061, 0.556122
1062, 0.555775
1063, 0.555429
1064, 0.555084
1065, 0.554738
1066, 0.554393
1067, 0.554048
1068, 0.553703
1069, 0.553359
1070, 0.553015
1071, 0.552671
1072, 0.552327
1073, 0.551984
1074, 0.55164
1075, 0.551297
1076, 0.550955
1077, 0.550612
1078, 0.55027
1079, 0.549928
1080, 0.549586
1081, 0.549245
1082, 0.548903
1083, 0.548562
1084, 0.548222
1085, 0.547881
1086, 0.547541
1087, 0.547201
1088, 0.546861
1089, 0.546522
1090, 0.546182
1091, 0.545843
1092, 0.545505
1093, 0.545166
1094, 0.544828
1095, 0.54449
1096, 0.544152
1097, 0.543814
1098, 0.543477
1099, 0.54314
1100, 0.542803
1101, 0.542466
1102, 0.54213
1103, 0.541794
1104, 0.541458
1105, 0.541122
1106, 0.540787
1107, 0.540452
1108, 0.540117
1109, 0.539782
1110, 0.539448
1111, 0.539113
1112, 0.538779
1113, 0.538446
1114, 0.538112
1115, 0.537779
1116, 0.537446
1117, 0.537113
1118, 0.53678
1119, 0.536448
1120, 0.536116
1121, 0.535784
1122, 0.535453
1123, 0.535121
1124, 0.53479
1125, 0.534459
1126, 0.534128
1127, 0.533798
1128, 0.533468
1129, 0.533138
1130, 0.532808
1131, 0.532479
1132, 0.532149
1133, 0.53182
1134, 0.531491
1135, 0.531163
1136, 0.530835
1137, 0.530506
1138, 0.530179
1139, 0.529851
1140, 0.529523
1141, 0.529196
1142, 0.528869
1143, 0.528543
1144, 0.528216
1145, 0.52789
1146, 0.527564
1147, 0.527238
1148, 0.526912
1149, 0.526587
1150, 0.526262
1151, 0.525937
1152, 0.525612
1153, 0.525288
1154, 0.524964
1155, 0.52464
1156, 0.524316
1157, 0.523992
1158, 0.523669
1159, 0.523346
1160, 0.523023
1161, 0.522701
1162, 0.522378
1163, 0.522056
1164, 0.521734
1165, 0.521412
1166, 0.521091
1167, 0.520769
1168, 0.520448
1169, 0.520128
1170, 0.519807
1171, 0.519487
1172, 0.519166
1173, 0.518847
1174, 0.518527
1175, 0.518207
1176, 0.517888
1177, 0.517569
1178, 0.51725
1179, 0.516932
1180, 0.516613
1181, 0.516295
1182, 0.515977
1183, 0.515659
1184, 0.515342
1185, 0.515025
1186, 0.514708
1187, 0.514391
1188, 0.514074
1189, 0.513758
1190, 0.513442
1191, 0.513126
1192, 0.51281
1193, 0.512494
1194, 0.512179
1195, 0.511864
1196, 0.511549
1197, 0.511234
1198, 0.51092
1199, 0.510606
1200, 0.510292
1201, 0.509978
1202, 0.509664
1203, 0.509351
1204, 0.509038
1205, 0.508725
1206, 0.508412
1207, 0.5081
1208, 0.507788
1209, 0.507476
1210, 0.507164
1211, 0.506852
1212, 0.506541
1213, 0.506229
1214, 0.505918
1215, 0.505608
1216, 0.505297
1217, 0.504987
1218, 0.504677
1219, 0.504367
1220, 0.504057
1221, 0.503748
1222, 0.503438
1223, 0.503129
1224, 0.50282
1225, 0.502512
1226, 0.502203
1227, 0.501895
1228, 0.501587
1229, 0.501279
1230, 0.500972
1231, 0.500664
1232, 0.500357
1233, 0.50005
1234, 0.499743
1235, 0.499437
1236, 0.499131
1237, 0.498824
1238, 0.498519
1239, 0.498213
1240, 0.497907
1241, 0.497602
1242, 0.497297
1243, 0.496992
1244, 0.496687
1245, 0.496383
1246, 0.496079
1247, 0.495775
1248, 0.495471
1249, 0.495167
1250, 0.494864
1251, 0.494561
1252, 0.494258
1253, 0.493955
1254, 0.493652
1255, 0.49335
1256, 0.493048
1257, 0.492746
1258, 0.492444
1259, 0.492142
1260, 0.491841
1261, 0.49154
1262, 0.491239
1263, 0.490938
1264, 0.490638
1265, 0.490337
1266, 0.490037
1267, 0.489737
1268, 0.489437
1269, 0.489138
1270, 0.488839
1271, 0.48854
1272, 0.488241
1273, 0.487943
1274, 0.487644
1275, 0.487346
1276, 0.487048
1277, 0.486751
1278, 0.486453
1279, 0.486156
1280, 0.485859
1281, 0.485562
1282, 0.485265
1283, 0.484969
1284, 0.484672
1285, 0.484376
1286, 0.48408
1287, 0.483785
1288, 0.483489
1289, 0.483194
1290, 0.482899
1291, 0.482604
1292, 0.482309
1293, 0.482015
1294, 0.48172
1295, 0.481426
1296, 0.481132
1297, 0.480839
1298, 0.480545
1299, 0.480252
1300, 0.479959
1301, 0.479666
1302, 0.479373
1303, 0.479081
1304, 0.478788
1305, 0.478496
1306, 0.478204
1307, 0.477912
1308, 0.477621
1309, 0.477329
1310, 0.477038
1311, 0.476747
1312, 0.476456
1313, 0.476166
1314, 0.475875
1315, 0.475585
1316, 0.475295
1317, 0.475005
1318, 0.474716
1319, 0.474426
1320, 0.474137
1321, 0.473848
1322, 0.473559
1323, 0.473271
1324, 0.472982
1325, 0.472694
1326, 0.472406
1327, 0.472118
1328, 0.47183
1329, 0.471543
1330, 0.471255
1331, 0.470968
1332, 0.470681
1333, 0.470394
1334, 0.470108
1335, 0.469822
1336, 0.469535
1337, 0.469249
1338, 0.468964
1339, 0.468678
1340, 0.468393
1341, 0.468107
1342, 0.467822
1343, 0.467537
1344, 0.467253
1345, 0.466968
1346, 0.466684
1347, 0.4664
1348, 0.466116
1349, 0.465832
1350, 0.465549
1351, 0.465265
1352, 0.464982
1353, 0.464699
1354, 0.464416
1355, 0.464134
1356, 0.463851
1357, 0.463569
1358, 0.463287
1359, 0.463005
1360, 0.462724
1361, 0.462442
1362, 0.462161
1363, 0.46188
1364, 0.461599
1365, 0.461318
1366, 0.461037
1367, 0.460757
1368, 0.460477
1369, 0.460197
1370, 0.459917
1371, 0.459637
1372, 0.459358
1373, 0.459079
1374, 0.4588
1375, 0.458521
1376, 0.458242
1377, 0.457963
1378, 0.457685
1379, 0.457407
1380, 0.457129
1381, 0.456851
1382, 0.456573
1383, 0.456296
1384, 0.456019
1385, 0.455742
1386, 0.455465
1387, 0.455188
1388, 0.454911
1389, 0.454635
1390, 0.454359
1391, 0.454084
1392, 0.453808
1393, 0.453533
1394, 0.453258
1395, 0.452984
1396, 0.452709
1397, 0.452435
1398, 0.45216
1399, 0.451886
1400, 0.451613
1401, 0.451339
1402, 0.451065
1403, 0.450792
1404, 0.450519
1405, 0.450246
1406, 0.449973
1407, 0.449701
1408, 0.449428
1409, 0.449156
1410, 0.448884
1411, 0.448612
1412, 0.44834
1413, 0.448069
1414, 0.447798
1415, 0.447526
1416, 0.447255
1417, 0.446985
1418, 0.446714
1419, 0.446443
1420, 0.446173
1421, 0.445903
1422, 0.445633
1423, 0.445363
1424, 0.445094
1425, 0.444824
1426, 0.444555
1427, 0.444286
1428, 0.444017
1429, 0.443748
1430, 0.44348
1431, 0.443211
1432, 0.442943
1433, 0.442675
1434, 0.442407
1435, 0.44214
1436, 0.441872
1437, 0.441605
1438, 0.441338
1439, 0.441071
1440, 0.440804
1441, 0.440537
1442, 0.440271
1443, 0.440004
1444, 0.439738
1445, 0.439472
1446, 0.439207
1447, 0.438941
1448, 0.438675
1449, 0.43841
1450, 0.438145
1451, 0.43788
1452, 0.437615
1453, 0.437351
1454, 0.437086
1455, 0.436822
1456, 0.436558
1457, 0.436294
1458, 0.43603
1459, 0.435767
1460, 0.435504
1461, 0.43524
1462, 0.434977
1463, 0.434714
1464, 0.434452
1465, 0.434189
1466, 0.433927
1467, 0.433665
1468, 0.433402
1469, 0.433141
1470, 0.432879
1471, 0.432617
1472, 0.432356
1473, 0.432095
1474, 0.431834
1475, 0.431573
1476, 0.431312
1477, 0.431052
1478, 0.430791
1479, 0.430531
1480, 0.430271
1481, 0.430011
1482, 0.429752
1483, 0.429492
1484, 0.429233
1485, 0.428974
1486, 0.428715
1487, 0.428456
1488, 0.428197
1489, 0.427938
1490, 0.42768
1491, 0.427422
1492, 0.427164
1493, 0.426906
1494, 0.426648
1495, 0.426391
1496, 0.426133
1497, 0.425876
1498, 0.425619
1499, 0.425362
1500, 0.425106
1501, 0.424849
1502, 0.424593
1503, 0.424336
1504, 0.42408
1505, 0.423824
1506, 0.423569
1507, 0.423313
1508, 0.423058
1509, 0.422803
1510, 0.422547
1511, 0.422293
1512, 0.422038
1513, 0.421783
1514, 0.421529
1515, 0.421275
1516, 0.42102
1517, 0.420767
1518, 0.420513
1519, 0.420259
1520, 0.420006
1521, 0.419752
1522, 0.419499
1523, 0.419246
1524, 0.418994
1525, 0.418741
1526, 0.418488
1527, 0.418236
1528, 0.417984
1529, 0.417732
1530, 0.41748
1531, 0.417228
1532, 0.416977
1533, 0.416726
1534, 0.416474
1535, 0.416223
1536, 0.415972
1537, 0.415722
1538, 0.415471
1539, 0.415221
1540, 0.414971
1541, 0.41472
1542, 0.414471
1543, 0.414221
1544, 0.413971
1545, 0.413722
1546, 0.413472
1547, 0.413223
1548, 0.412974
1549, 0.412726
1550, 0.412477
1551, 0.412228
1552, 0.41198
1553, 0.411732
1554, 0.411484
1555, 0.411236
1556, 0.410988
1557, 0.410741
1558, 0.410493
1559, 0.410246
1560, 0.409999
1561, 0.409752
1562, 0.409505
1563, 0.409259
1564, 0.409012
1565, 0.408766
1566, 0.40852
1567, 0.408274
1568, 0.408028
1569, 0.407782
1570, 0.407537
1571, 0.407291
1572, 0.407046
1573, 0.406801
1574, 0.406556
1575, 0.406312
1576, 0.406067
1577, 0.405823
1578, 0.405578
1579, 0.405334
1580, 0.40509
1581, 0.404846
1582, 0.404603
1583, 0.404359
1584, 0.404116
1585, 0.403873
1586, 0.40363
1587, 0.403387
1588, 0.403144
1589, 0.402901
1590, 0.402659
1591, 0.402417
1592, 0.402175
1593, 0.401933
1594, 0.401691
1595, 0.401449
1596, 0.401208
1597, 0.400966
1598, 0.400725
1599, 0.400484
1600, 0.400243
1601, 0.400002
1602, 0.399762
1603, 0.399521
1604, 0.399281
1605, 0.399041
1606, 0.398801
1607, 0.398561
1608, 0.398321
1609, 0.398082
1610, 0.397842
1611, 0.397603
1612, 0.397364
1613, 0.397125
1614, 0.396886
1615, 0.396648
1616, 0.396409
1617, 0.396171
1618, 0.395933
1619, 0.395695
1620, 0.395457
1621, 0.395219
1622, 0.394981
1623, 0.394744
1624, 0.394507
1625, 0.39427
1626, 0.394033
1627, 0.393796
1628, 0.393559
1629, 0.393323
1630, 0.393086
1631, 0.39285
1632, 0.392614
1633, 0.392378
1634, 0.392142
1635, 0.391906
1636, 0.391671
1637, 0.391436
1638, 0.3912
1639, 0.390965
1640, 0.39073
1641, 0.390496
1642, 0.390261
1643, 0.390026
1644, 0.389792
1645, 0.389558
1646, 0.389324
1647, 0.38909
1648, 0.388856
1649, 0.388623
1650, 0.388389
1651, 0.388156
1652, 0.387923
1653, 0.38769
1654, 0.387457
1655, 0.387224
1656, 0.386992
1657, 0.386759
1658, 0.386527
1659, 0.386295
1660, 0.386063
1661, 0.385831
1662, 0.385599
1663, 0.385368
1664, 0.385136
1665, 0.384905
1666, 0.384674
1667, 0.384443
1668, 0.384212
1669, 0.383982
1670, 0.383751
1671, 0.383521
1672, 0.38329
1673, 0.38306
1674, 0.38283
1675, 0.3826
1676, 0.382371
1677, 0.382141
1678, 0.381912
1679, 0.381683
1680, 0.381454
1681, 0.381225
1682, 0.380996
1683, 0.380767
1684, 0.380539
1685, 0.38031
1686, 0.380082
1687, 0.379854
1688, 0.379626
1689, 0.379398
1690, 0.37917
1691, 0.378943
1692, 0.378715
1693, 0.378488
1694, 0.378261
1695, 0.378034
1696, 0.377807
1697, 0.377581
1698, 0.377354
1699, 0.377128
1700, 0.376901
1701, 0.376675
1702, 0.376449
1703, 0.376223
1704, 0.375998
1705, 0.375772
1706, 0.375547
1707, 0.375322
1708, 0.375096
1709, 0.374871
1710, 0.374647
1711, 0.374422
1712, 0.374197
1713, 0.373973
1714, 0.373749
1715, 0.373524
1716, 0.3733
1717, 0.373077
1718, 0.372853
1719, 0.372629
1720, 0.372406
1721, 0.372182
1722, 0.371959
1723, 0.371736
1724, 0.371513
1725, 0.371291
1726, 0.371068
1727, 0.370845
1728, 0.370623
1729, 0.370401
1730, 0.370179
1731, 0.369957
1732, 0.369735
1733, 0.369513
1734, 0.369292
1735, 0.369071
1736, 0.368849
1737, 0.368628
1738, 0.368407
1739, 0.368186
1740, 0.367966
1741, 0.367745
1742, 0.367525
1743, 0.367304
1744, 0.367084
1745, 0.366864
1746, 0.366644
1747, 0.366425
1748, 0.366205
1749, 0.365986
1750, 0.365766
1751, 0.365547
1752, 0.365328
1753, 0.365109
1754, 0.36489
1755, 0.364672
1756, 0.364453
1757, 0.364235
1758, 0.364016
1759, 0.363798
1760, 0.36358
1761, 0.363363
1762, 0.363145
1763, 0.362927
1764, 0.36271
1765, 0.362493
1766, 0.362275
1767, 0.362058
1768, 0.361841
1769, 0.361625
1770, 0.361408
1771, 0.361192
1772, 0.360975
1773, 0.360759
1774, 0.360543
1775, 0.360327
1776, 0.360111
1777, 0.359895
1778, 0.35968
1779, 0.359464
1780, 0.359249
1781, 0.359034
1782, 0.358819
1783, 0.358604
1784, 0.358389
1785, 0.358175
1786, 0.35796
1787, 0.357746
1788, 0.357532
1789, 0.357318
1790, 0.357104
1791, 0.35689
1792, 0.356676
1793, 0.356463
1794, 0.356249
1795, 0.356036
1796, 0.355823
1797, 0.35561
1798, 0.355397
1799, 0.355184
1800, 0.354971
1801, 0.354759
1802, 0.354546
1803, 0.354334
1804, 0.354122
1805, 0.35391
1806, 0.353698
1807, 0.353486
1808, 0.353275
1809, 0.353063
1810, 0.352852
1811, 0.352641
1812, 0.35243
1813, 0.352219
1814, 0.352008
1815, 0.351797
1816, 0.351587
1817, 0.351376
1818, 0.351166
1819, 0.350956
1820, 0.350746
1821, 0.350536
1822, 0.350326
1823, 0.350116
1824, 0.349907
1825, 0.349698
1826, 0.349488
1827, 0.349279
1828, 0.34907
1829, 0.348861
1830, 0.348653
1831, 0.348444
1832, 0.348235
1833, 0.348027
1834, 0.347819
1835, 0.347611
1836, 0.347403
1837, 0.347195
1838, 0.346987
1839, 0.34678
1840, 0.346572
1841, 0.346365
1842, 0.346158
1843, 0.345951
1844, 0.345744
1845, 0.345537
1846, 0.34533
1847, 0.345124
1848, 0.344917
1849, 0.344711
1850, 0.344505
1851, 0.344299
1852, 0.344093
1853, 0.343887
1854, 0.343681
1855, 0.343476
1856, 0.34327
1857, 0.343065
1858, 0.34286
1859, 0.342655
1860, 0.34245
1861, 0.342245
1862, 0.34204
1863, 0.341836
1864, 0.341631
1865, 0.341427
1866, 0.341223
1867, 0.341019
1868, 0.340815
1869, 0.340611
1870, 0.340407
1871, 0.340204
1872, 0.34
1873, 0.339797
1874, 0.339594
1875, 0.339391
1876, 0.339188
1877, 0.338985
1878, 0.338782
1879, 0.33858
1880, 0.338378
1881, 0.338175
1882, 0.337973
1883, 0.337771
1884, 0.337569
1885, 0.337367
1886, 0.337166
1887, 0.336964
1888, 0.336763
1889, 0.336561
1890, 0.33636
1891, 0.336159
1892, 0.335958
1893, 0.335757
1894, 0.335557
1895, 0.335356
1896, 0.335156
1897, 0.334955
1898, 0.334755
1899, 0.334555
1900, 0.334355
1901, 0.334155
1902, 0.333955
1903, 0.333756
1904, 0.333556
1905, 0.333357
1906, 0.333158
1907, 0.332959
1908, 0.33276
1909, 0.332561
1910, 0.332362
1911, 0.332164
1912, 0.331965
1913, 0.331767
1914, 0.331569
1915, 0.33137
1916, 0.331172
1917, 0.330975
1918, 0.330777
1919, 0.330579
1920, 0.330382
1921, 0.330184
1922, 0.329987
1923, 0.32979
1924, 0.329593
1925, 0.329396
1926, 0.329199
1927, 0.329002
1928, 0.328806
1929, 0.328609
1930, 0.328413
1931, 0.328217
1932, 0.328021
1933, 0.327825
1934, 0.327629
1935, 0.327433
1936, 0.327238
1937, 0.327042
1938, 0.326847
1939, 0.326652
1940, 0.326456
1941, 0.326261
1942, 0.326067
1943, 0.325872
1944, 0.325677
1945, 0.325483
1946, 0.325288
1947, 0.325094
1948, 0.3249
1949, 0.324706
1950, 0.324512
1951, 0.324318
1952, 0.324124
1953, 0.323931
1954, 0.323737
1955, 0.323544
1956, 0.323351
1957, 0.323158
1958, 0.322965
1959, 0.322772
1960, 0.322579
1961, 0.322386
1962, 0.322194
1963, 0.322002
1964, 0.321809
1965, 0.321617
1966, 0.321425
1967, 0.321233
1968, 0.321041
1969, 0.32085
1970, 0.320658
1971, 0.320467
1972, 0.320275
1973, 0.320084
1974, 0.319893
1975, 0.319702
1976, 0.319511
1977, 0.31932
1978, 0.31913
1979, 0.318939
1980, 0.318749
1981, 0.318559
1982, 0.318368
1983, 0.318178
1984, 0.317988
1985, 0.317798
1986, 0.317609
1987, 0.317419
1988, 0.31723
1989, 0.31704
1990, 0.316851
1991, 0.316662
1992, 0.316473
1993, 0.316284
1994, 0.316095
1995, 0.315907
1996, 0.315718
1997, 0.31553
1998, 0.315341
1999, 0.315153
2000, 0.314965
2001, 0.314777
2002, 0.314589
2003, 0.314401
2004, 0.314214
2005, 0.314026
2006, 0.313839
2007, 0.313652
2008, 0.313465
2009, 0.313278
2010, 0.313092
2011, 0.312905
2012, 0.312718
2013, 0.312532
2014, 0.312346
2015, 0.31216
2016, 0.311974
2017, 0.311788
2018, 0.311602
2019, 0.311416
2020, 0.311231
2021, 0.311045
2022, 0.31086
2023, 0.310675
2024, 0.310489
2025, 0.310304
2026, 0.310119
2027, 0.309935
2028, 0.30975
2029, 0.309565
2030, 0.309381
2031, 0.309197
2032, 0.309012
2033, 0.308828
2034, 0.308644
2035, 0.30846
2036, 0.308276
2037, 0.308093
2038, 0.307909
2039, 0.307726
2040, 0.307542
2041, 0.307359
2042, 0.307176
2043, 0.306993
2044, 0.30681
2045, 0.306627
2046, 0.306445
2047, 0.306262
2048, 0.30608
2049, 0.305897
2050, 0.305715
2051, 0.305533
2052, 0.305351
2053, 0.305169
2054, 0.304987
2055, 0.304805
2056, 0.304624
2057, 0.304442
2058, 0.304261
2059, 0.30408
2060, 0.303899
2061, 0.303718
2062, 0.303537
2063, 0.303356
2064, 0.303175
2065, 0.302995
2066, 0.302814
2067, 0.302634
2068, 0.302453
2069, 0.302273
2070, 0.302093
2071, 0.301913
2072, 0.301733
2073, 0.301554
2074, 0.301374
2075, 0.301195
2076, 0.301015
2077, 0.300836
2078, 0.300657
2079, 0.300478
2080, 0.300299
2081, 0.30012
2082, 0.299941
2083, 0.299763
2084, 0.299584
2085, 0.299406
2086, 0.299227
2087, 0.299049
2088, 0.298871
2089, 0.298693
2090, 0.298515
2091, 0.298337
2092, 0.29816
2093, 0.297982
2094, 0.297805
2095, 0.297627
2096, 0.29745
2097, 0.297273
2098, 0.297096
2099, 0.296919
2100, 0.296742
2101, 0.296565
2102, 0.296389
2103, 0.296212
2104, 0.296036
2105, 0.29586
2106, 0.295684
2107, 0.295507
2108, 0.295332
2109, 0.295156
2110, 0.29498
2111, 0.294804
2112, 0.294629
2113, 0.294453
2114, 0.294278
2115, 0.294103
2116, 0.293928
2117, 0.293753
2118, 0.293578
2119, 0.293403
2120, 0.293228
2121, 0.293054
2122, 0.292879
2123, 0.292705
2124, 0.292531
2125, 0.292356
2126, 0.292182
2127, 0.292008
2128, 0.291835
2129, 0.291661
2130, 0.291487
2131, 0.291314
2132, 0.29114
2133, 0.290967
2134, 0.290794
2135, 0.290621
2136, 0.290448
2137, 0.290275
2138, 0.290102
2139, 0.289929
2140, 0.289757
2141, 0.289584
2142, 0.289412
2143, 0.28924
2144, 0.289067
2145, 0.288895
2146, 0.288723
2147, 0.288552
2148, 0.28838
2149, 0.288208
2150, 0.288037
2151, 0.287865
2152, 0.287694
2153, 0.287523
2154, 0.287351
2155, 0.28718
2156, 0.287009
2157, 0.286839
2158, 0.286668
2159, 0.286497
2160, 0.286327
2161, 0.286156
2162, 0.285986
2163, 0.285816
2164, 0.285646
2165, 0.285476
2166, 0.285306
2167, 0.285136
2168, 0.284966
2169, 0.284797
2170, 0.284627
2171, 0.284458
2172, 0.284289
2173, 0.284119
2174, 0.28395
2175, 0.283781
2176, 0.283612
2177, 0.283444
2178, 0.283275
2179, 0.283106
2180, 0.282938
2181, 0.28277
2182, 0.282601
2183, 0.282433
2184, 0.282265
2185, 0.282097
2186, 0.281929
2187, 0.281761
2188, 0.281594
2189, 0.281426
2190, 0.281259
2191, 0.281091
2192, 0.280924
2193, 0.280757
2194, 0.28059
2195, 0.280423
2196, 0.280256
2197, 0.280089
2198, 0.279923
2199, 0.279756
2200, 0.27959
2201, 0.279423
2202, 0.279257
2203, 0.279091
2204, 0.278925
2205, 0.278759
2206, 0.278593
2207, 0.278427
2208, 0.278262
2209, 0.278096
2210, 0.277931
2211, 0.277765
2212, 0.2776
2213, 0.277435
2214, 0.27727
2215, 0.277105
2216, 0.27694
2217, 0.276775
2218, 0.276611
2219, 0.276446
2220, 0.276282
2221, 0.276117
2222, 0.275953
2223, 0.275789
2224, 0.275625
2225, 0.275461
2226, 0.275297
2227, 0.275133
2228, 0.274969
2229, 0.274806
2230, 0.274642
2231, 0.274479
2232, 0.274316
2233, 0.274153
2234, 0.273989
2235, 0.273826
2236, 0.273664
2237, 0.273501
2238, 0.273338
2239, 0.273175
2240, 0.273013
2241, 0.272851
2242, 0.272688
2243, 0.272526
2244, 0.272364
2245, 0.272202
2246, 0.27204
2247, 0.271878
2248, 0.271717
2249, 0.271555
2250, 0.271393
2251, 0.271232
2252, 0.271071
2253, 0.270909
2254, 0.270748
2255, 0.270587
2256, 0.270426
2257, 0.270265
2258, 0.270105
2259, 0.269944
2260, 0.269784
2261, 0.269623
2262, 0.269463
2263, 0.269302
2264, 0.269142
2265, 0.268982
2266, 0.268822
2267, 0.268662
2268, 0.268503
2269, 0.268343
2270, 0.268183
2271, 0.268024
2272, 0.267864
2273, 0.267705
2274, 0.267546
2275, 0.267387
2276, 0.267228
2277, 0.267069
2278, 0.26691
2279, 0.266751
2280, 0.266593
2281, 0.266434
2282, 0.266276
2283, 0.266117
2284, 0.265959
2285, 0.265801
2286, 0.265643
2287, 0.265485
2288, 0.265327
2289, 0.265169
2290, 0.265012
2291, 0.264854
2292, 0.264696
2293, 0.264539
2294, 0.264382
2295, 0.264225
2296, 0.264067
2297, 0.26391
2298, 0.263753
2299, 0.263597
2300, 0.26344
2301, 0.263283
2302, 0.263127
2303, 0.26297
2304, 0.262814
2305, 0.262658
2306, 0.262501
2307, 0.262345
2308, 0.262189
2309, 0.262033
2310, 0.261878
2311, 0.261722
2312, 0.261566
2313, 0.261411
2314, 0.261255
2315, 0.2611
2316, 0.260945
2317, 0.26079
2318, 0.260635
2319, 0.26048
2320, 0.260325
2321, 0.26017
2322, 0.260015
2323, 0.259861
2324, 0.259706
2325, 0.259552
2326, 0.259398
2327, 0.259243
2328, 0.259089
2329, 0.258935
2330, 0.258781
2331, 0.258627
2332, 0.258474
2333, 0.25832
2334, 0.258166
2335, 0.258013
2336, 0.257859
2337, 0.257706
2338, 0.257553
2339, 0.2574
2340, 0.257247
2341, 0.257094
2342, 0.256941
2343, 0.256788
2344, 0.256636
2345, 0.256483
2346, 0.256331
2347, 0.256178
2348, 0.256026
2349, 0.255874
2350, 0.255722
2351, 0.25557
2352, 0.255418
2353, 0.255266
2354, 0.255114
2355, 0.254963
2356, 0.254811
2357, 0.254659
2358, 0.254508
2359, 0.254357
2360, 0.254206
2361, 0.254055
2362, 0.253904
2363, 0.253753
2364, 0.253602
2365, 0.253451
2366, 0.2533
2367, 0.25315
2368, 0.252999
2369, 0.252849
2370, 0.252699
2371, 0.252548
2372, 0.252398
2373, 0.252248
2374, 0.252098
2375, 0.251949
2376, 0.251799
2377, 0.251649
2378, 0.2515
2379, 0.25135
2380, 0.251201
2381, 0.251051
2382, 0.250902
2383, 0.250753
2384, 0.250604
2385, 0.250455
2386, 0.250306
2387, 0.250157
2388, 0.250009
2389, 0.24986
2390, 0.249712
2391, 0.249563
2392, 0.249415
2393, 0.249267
2394, 0.249118
2395, 0.24897
2396, 0.248822
2397, 0.248675
2398, 0.248527
2399, 0.248379
2400, 0.248231
2401, 0.248084
2402, 0.247937
2403, 0.247789
2404, 0.247642
2405, 0.247495
2406, 0.247348
2407, 0.247201
2408, 0.247054
2409, 0.246907
2410, 0.24676
2411, 0.246614
2412, 0.246467
2413, 0.24632
2414, 0.246174
2415, 0.246028
2416, 0.245882
2417, 0.245735
2418, 0.245589
2419, 0.245444
2420, 0.245298
2421, 0.245152
2422, 0.245006
2423, 0.244861
2424, 0.244715
2425, 0.24457
2426, 0.244424
2427, 0.244279
2428, 0.244134
2429, 0.243989
2430, 0.243844
2431, 0.243699
2432, 0.243554
2433, 0.243409
2434, 0.243265
2435, 0.24312
2436, 0.242976
2437, 0.242831
2438, 0.242687
2439, 0.242543
2440, 0.242399
2441, 0.242255
2442, 0.242111
2443, 0.241967
2444, 0.241823
2445, 0.241679
2446, 0.241536
2447, 0.241392
2448, 0.241249
2449, 0.241106
2450, 0.240962
2451, 0.240819
2452, 0.240676
2453, 0.240533
2454, 0.24039
2455, 0.240247
2456, 0.240105
2457, 0.239962
2458, 0.239819
2459, 0.239677
2460, 0.239534
2461, 0.239392
2462, 0.23925
2463, 0.239108
2464, 0.238966
2465, 0.238824
2466, 0.238682
2467, 0.23854
2468, 0.238398
2469, 0.238257
2470, 0.238115
2471, 0.237974
2472, 0.237832
2473, 0.237691
2474, 0.23755
2475, 0.237408
2476, 0.237267
2477, 0.237126
2478, 0.236986
2479, 0.236845
2480, 0.236704
2481, 0.236563
2482, 0.236423
2483, 0.236282
2484, 0.236142
2485, 0.236002
2486, 0.235862
2487, 0.235721
2488, 0.235581
2489, 0.235441
2490, 0.235302
2491, 0.235162
2492, 0.235022
2493, 0.234882
2494, 0.234743
2495, 0.234603
2496, 0.234464
2497, 0.234325
2498, 0.234186
2499, 0.234046
2500, 0.233907
2501, 0.233768
2502, 0.23363
2503, 0.233491
2504, 0.233352
2505, 0.233213
2506, 0.233075
2507, 0.232936
2508, 0.232798
2509, 0.23266
2510, 0.232522
2511, 0.232383
2512, 0.232245
2513, 0.232107
2514, 0.23197
2515, 0.231832
2516, 0.231694
2517, 0.231556
2518, 0.231419
2519, 0.231281
2520, 0.231144
2521, 0.231007
2522, 0.230869
2523, 0.230732
2524, 0.230595
2525, 0.230458
2526, 0.230321
2527, 0.230185
2528, 0.230048
2529, 0.229911
2530, 0.229775
2531, 0.229638
2532, 0.229502
2533, 0.229365
2534, 0.229229
2535, 0.229093
2536, 0.228957
2537, 0.228821
2538, 0.228685
2539, 0.228549
2540, 0.228413
2541, 0.228278
2542, 0.228142
2543, 0.228007
2544, 0.227871
2545, 0.227736
2546, 0.227601
2547, 0.227465
2548, 0.22733
2549, 0.227195
2550, 0.22706
2551, 0.226925
2552, 0.226791
2553, 0.226656
2554, 0.226521
2555, 0.226387
2556, 0.226252
2557, 0.226118
2558, 0.225984
2559, 0.225849
2560, 0.225715
2561, 0.225581
2562, 0.225447
2563, 0.225313
2564, 0.22518
2565, 0.225046
2566, 0.224912
2567, 0.224779
2568, 0.224645
2569, 0.224512
2570, 0.224378
2571, 0.224245
2572, 0.224112
2573, 0.223979
2574, 0.223846
2575, 0.223713
2576, 0.22358
2577, 0.223447
2578, 0.223314
2579, 0.223182
2580, 0.223049
2581, 0.222917
2582, 0.222784
2583, 0.222652
2584, 0.22252
2585, 0.222388
2586, 0.222256
2587, 0.222124
2588, 0.221992
2589, 0.22186
2590, 0.221728
2591, 0.221596
2592, 0.221465
2593, 0.221333
2594, 0.221202
2595, 0.22107
2596, 0.220939
2597, 0.220808
2598, 0.220677
2599, 0.220546
2600, 0.220415
2601, 0.220284
2602, 0.220153
2603, 0.220022
2604, 0.219892
2605, 0.219761
2606, 0.219631
2607, 0.2195
2608, 0.21937
2609, 0.219239
2610, 0.219109
2611, 0.218979
2612, 0.218849
2613, 0.218719
2614, 0.218589
2615, 0.218459
2616, 0.21833
2617, 0.2182
2618, 0.21807
2619, 0.217941
2620, 0.217812
2621, 0.217682
2622, 0.217553
2623, 0.217424
2624, 0.217295
2625, 0.217166
2626, 0.217037
2627, 0.216908
2628, 0.216779
2629, 0.21665
2630, 0.216522
2631, 0.216393
2632, 0.216265
2633, 0.216136
2634, 0.216008
2635, 0.215879
2636, 0.215751
2637, 0.215623
2638, 0.215495
2639, 0.215367
2640, 0.215239
2641, 0.215111
2642, 0.214984
2643, 0.214856
2644, 0.214728
2645, 0.214601
2646, 0.214474
2647, 0.214346
2648, 0.214219
2649, 0.214092
2650, 0.213965
2651, 0.213838
2652, 0.213711
2653, 0.213584
2654, 0.213457
2655, 0.21333
2656, 0.213203
2657, 0.213077
2658, 0.21295
2659, 0.212824
2660, 0.212698
2661, 0.212571
2662, 0.212445
2663, 0.212319
2664, 0.212193
2665, 0.212067
2666, 0.211941
2667, 0.211815
2668, 0.211689
2669, 0.211564
2670, 0.211438
2671, 0.211312
2672, 0.211187
2673, 0.211062
2674, 0.210936
2675, 0.210811
2676, 0.210686
2677, 0.210561
2678, 0.210436
2679, 0.210311
2680, 0.210186
2681, 0.210061
2682, 0.209936
2683, 0.209812
2684, 0.209687
2685, 0.209563
2686, 0.209438
2687, 0.209314
2688, 0.20919
2689, 0.209065
2690, 0.208941
2691, 0.208817
2692, 0.208693
2693, 0.208569
2694, 0.208445
2695, 0.208322
2696, 0.208198
2697, 0.208074
2698, 0.207951
2699, 0.207827
2700, 0.207704
2701, 0.207581
2702, 0.207457
2703, 0.207334
2704, 0.207211
2705, 0.207088
2706, 0.206965
2707, 0.206842
2708, 0.20672
2709, 0.206597
2710, 0.206474
2711, 0.206352
2712, 0.206229
2713, 0.206107
2714, 0.205984
2715, 0.205862
2716, 0.20574
2717, 0.205618
2718, 0.205496
2719, 0.205374
2720, 0.205252
2721, 0.20513
2722, 0.205008
2723, 0.204886
2724, 0.204765
2725, 0.204643
2726, 0.204522
2727, 0.2044
2728, 0.204279
2729, 0.204158
2730, 0.204036
2731, 0.203915
2732, 0.203794
2733, 0.203673
2734, 0.203552
2735, 0.203431
2736, 0.203311
2737, 0.20319
2738, 0.203069
2739, 0.202949
2740, 0.202828
2741, 0.202708
2742, 0.202587
2743, 0.202467
2744, 0.202347
2745, 0.202227
2746, 0.202107
2747, 0.201987
2748, 0.201867
2749, 0.201747
2750, 0.201627
2751, 0.201508
2752, 0.201388
2753, 0.201268
2754, 0.201149
2755, 0.20103
2756, 0.20091
2757, 0.200791
2758, 0.200672
2759, 0.200553
2760, 0.200434
2761, 0.200315
2762, 0.200196
2763, 0.200077
2764, 0.199958
2765, 0.199839
2766, 0.199721
2767, 0.199602
2768, 0.199484
2769, 0.199365
2770, 0.199247
2771, 0.199129
2772, 0.19901
2773, 0.198892
2774, 0.198774
2775, 0.198656
2776, 0.198538
2777, 0.19842
2778, 0.198303
2779, 0.198185
2780, 0.198067
2781, 0.19795
2782, 0.197832
2783, 0.197715
2784, 0.197597
2785, 0.19748
2786, 0.197363
2787, 0.197246
2788, 0.197129
2789, 0.197012
2790, 0.196895
2791, 0.196778
2792, 0.196661
2793, 0.196544
2794, 0.196428
2795, 0.196311
2796, 0.196195
2797, 0.196078
2798, 0.195962
2799, 0.195845
2800, 0.195729
2801, 0.195613
2802, 0.195497
2803, 0.195381
2804, 0.195265
2805, 0.195149
2806, 0.195033
2807, 0.194917
2808, 0.194802
2809, 0.194686
2810, 0.19457
2811, 0.194455
2812, 0.194339
2813, 0.194224
2814, 0.194109
2815, 0.193994
2816, 0.193878
2817, 0.193763
2818, 0.193648
2819, 0.193533
2820, 0.193419
2821, 0.193304
2822, 0.193189
2823, 0.193074
2824, 0.19296
2825, 0.192845
2826, 0.192731
2827, 0.192616
2828, 0.192502
2829, 0.192388
2830, 0.192274
2831, 0.192159
2832, 0.192045
2833, 0.191931
2834, 0.191817
2835, 0.191704
2836, 0.19159
2837, 0.191476
2838, 0.191362
2839, 0.191249
2840, 0.191135
2841, 0.191022
2842, 0.190909
2843, 0.190795
2844, 0.190682
2845, 0.190569
2846, 0.190456
2847, 0.190343
2848, 0.19023
2849, 0.190117
2850, 0.190004
2851, 0.189891
2852, 0.189778
2853, 0.189666
2854, 0.189553
2855, 0.189441
2856, 0.189328
2857, 0.189216
2858, 0.189104
2859, 0.188991
2860, 0.188879
2861, 0.188767
2862, 0.188655
2863, 0.188543
2864, 0.188431
2865, 0.188319
2866, 0.188208
2867, 0.188096
2868, 0.187984
2869, 0.187873
2870, 0.187761
2871, 0.18765
2872, 0.187538
2873, 0.187427
2874, 0.187316
2875, 0.187205
2876, 0.187093
2877, 0.186982
2878, 0.186871
2879, 0.186761
2880, 0.18665
2881, 0.186539
2882, 0.186428
2883, 0.186318
2884, 0.186207
2885, 0.186097
2886, 0.185986
2887, 0.185876
2888, 0.185765
2889, 0.185655
2890, 0.185545
2891, 0.185435
2892, 0.185325
2893, 0.185215
2894, 0.185105
2895, 0.184995
2896, 0.184885
2897, 0.184775
2898, 0.184666
2899, 0.184556
2900, 0.184447
2901, 0.184337
2902, 0.184228
2903, 0.184118
2904, 0.184009
2905, 0.1839
2906, 0.183791
2907, 0.183682
2908, 0.183573
2909, 0.183464
2910, 0.183355
2911, 0.183246
2912, 0.183137
2913, 0.183029
2914, 0.18292
2915, 0.182811
2916, 0.182703
2917, 0.182595
2918, 0.182486
2919, 0.182378
2920, 0.18227
2921, 0.182161
2922, 0.182053
2923, 0.181945
2924, 0.181837
2925, 0.181729
2926, 0.181622
2927, 0.181514
2928, 0.181406
2929, 0.181298
2930, 0.181191
2931, 0.181083
2932, 0.180976
2933, 0.180868
2934, 0.180761
2935, 0.180654
2936, 0.180547
2937, 0.180439
2938, 0.180332
2939, 0.180225
2940, 0.180118
2941, 0.180012
2942, 0.179905
2943, 0.179798
2944, 0.179691
2945, 0.179585
2946, 0.179478
2947, 0.179372
2948, 0.179265
2949, 0.179159
2950, 0.179052
2951, 0.178946
2952, 0.17884
2953, 0.178734
2954, 0.178628
2955, 0.178522
2956, 0.178416
2957, 0.17831
2958, 0.178204
2959, 0.178098
2960, 0.177993
2961, 0.177887
2962, 0.177781
2963, 0.177676
2964, 0.177571
2965, 0.177465
2966, 0.17736
2967, 0.177255
2968, 0.177149
2969, 0.177044
2970, 0.176939
2971, 0.176834
2972, 0.176729
2973, 0.176624
2974, 0.17652
2975, 0.176415
2976, 0.17631
2977, 0.176206
2978, 0.176101
2979, 0.175996
2980, 0.175892
2981, 0.175788
2982, 0.175683
2983, 0.175579
2984, 0.175475
2985, 0.175371
2986, 0.175267
2987, 0.175163
2988, 0.175059
2989, 0.174955
2990, 0.174851
2991, 0.174747
2992, 0.174644
2993, 0.17454
2994, 0.174436
2995, 0.174333
2996, 0.174229
2997, 0.174126
2998, 0.174023
2999, 0.173919
3000, 0.173816
3001, 0.173713
3002, 0.17361
3003, 0.173507
3004, 0.173404
3005, 0.173301
3006, 0.173198
3007, 0.173095
3008, 0.172993
3009, 0.17289
3010, 0.172788
3011, 0.172685
3012, 0.172583
3013, 0.17248
3014, 0.172378
3015, 0.172275
3016, 0.172173
3017, 0.172071
3018, 0.171969
3019, 0.171867
3020, 0.171765
3021, 0.171663
3022, 0.171561
3023, 0.171459
3024, 0.171358
3025, 0.171256
3026, 0.171154
3027, 0.171053
3028, 0.170951
3029, 0.17085
3030, 0.170748
3031, 0.170647
3032, 0.170546
3033, 0.170445
3034, 0.170344
3035, 0.170242
3036, 0.170141
3037, 0.17004
3038, 0.16994
3039, 0.169839
3040, 0.169738
3041, 0.169637
3042, 0.169537
3043, 0.169436
3044, 0.169335
3045, 0.169235
3046, 0.169135
3047, 0.169034
3048, 0.168934
3049, 0.168834
3050, 0.168733
3051, 0.168633
3052, 0.168533
3053, 0.168433
3054, 0.168333
